id,large,middle,small,created_at,updated_at
1,レディース,トップス,Tシャツ/カットソー(半袖/袖なし),2019/3/3 8:19,2019/3/3 8:19
2,レディース,トップス,Tシャツ/カットソー(七分/長袖),2019/3/3 8:19,2019/3/3 8:19
3,レディース,トップス,シャツ/ブラウス(半袖/袖なし),2019/3/3 8:19,2019/3/3 8:19
4,レディース,トップス,シャツ/ブラウス(七分/長袖),2019/3/3 8:19,2019/3/3 8:19
5,レディース,トップス,ポロシャツ,2019/3/3 8:19,2019/3/3 8:19
6,レディース,トップス,キャミソール,2019/3/3 8:19,2019/3/3 8:19
7,レディース,トップス,タンクトップ,2019/3/3 8:19,2019/3/3 8:19
8,レディース,トップス,ホルターネック,2019/3/3 8:19,2019/3/3 8:19
9,レディース,トップス,ニット/セーター,2019/3/3 8:19,2019/3/3 8:19
10,レディース,トップス,チュニック,2019/3/3 8:19,2019/3/3 8:19
11,レディース,トップス,カーディガン/ボレロ,2019/3/3 8:19,2019/3/3 8:19
12,レディース,トップス,アンサンブル,2019/3/3 8:19,2019/3/3 8:19
13,レディース,トップス,ベスト/ジレ,2019/3/3 8:19,2019/3/3 8:19
14,レディース,トップス,パーカー,2019/3/3 8:19,2019/3/3 8:19
15,レディース,ジャケット/アウター,テーラードジャケット,2019/3/3 8:19,2019/3/3 8:19
16,レディース,ジャケット/アウター,ノーカラージャケット,2019/3/3 8:19,2019/3/3 8:19
17,レディース,ジャケット/アウター,Gジャン/デニムジャケット,2019/3/3 8:19,2019/3/3 8:19
18,レディース,ジャケット/アウター,レザージャケット,2019/3/3 8:19,2019/3/3 8:19
19,レディース,ジャケット/アウター,ダウンジャケット,2019/3/3 8:19,2019/3/3 8:19
20,レディース,ジャケット/アウター,ライダースジャケット,2019/3/3 8:19,2019/3/3 8:19
21,レディース,ジャケット/アウター,ミリタリージャケット,2019/3/3 8:19,2019/3/3 8:19
22,レディース,ジャケット/アウター,ダウンベスト,2019/3/3 8:19,2019/3/3 8:19
23,レディース,ジャケット/アウター,ジャンパー/ブルゾン,2019/3/3 8:19,2019/3/3 8:19
24,レディース,ジャケット/アウター,ポンチョ,2019/3/3 8:19,2019/3/3 8:19
25,レディース,ジャケット/アウター,ロングコート,2019/3/3 8:19,2019/3/3 8:19
26,レディース,ジャケット/アウター,トレンチコート,2019/3/3 8:19,2019/3/3 8:19
27,レディース,ジャケット/アウター,ダッフルコート,2019/3/3 8:19,2019/3/3 8:19
28,レディース,ジャケット/アウター,ピーコート,2019/3/3 8:19,2019/3/3 8:19
29,レディース,パンツ,デニム/ジーンズ,2019/3/3 8:19,2019/3/3 8:19
30,レディース,パンツ,ショートパンツ,2019/3/3 8:19,2019/3/3 8:19
31,レディース,パンツ,カジュアルパンツ,2019/3/3 8:19,2019/3/3 8:19
32,レディース,パンツ,ハーフパンツ,2019/3/3 8:19,2019/3/3 8:19
33,レディース,パンツ,チノパン,2019/3/3 8:19,2019/3/3 8:19
34,レディース,パンツ,ワークパンツ/カーゴパンツ,2019/3/3 8:19,2019/3/3 8:19
35,レディース,パンツ,クロップドパンツ,2019/3/3 8:19,2019/3/3 8:19
36,レディース,パンツ,サロペット/オーバーオール,2019/3/3 8:19,2019/3/3 8:19
37,レディース,パンツ,オールインワン,2019/3/3 8:19,2019/3/3 8:19
38,レディース,パンツ,サルエルパンツ,2019/3/3 8:19,2019/3/3 8:19
39,レディース,パンツ,ガウチョパンツ,2019/3/3 8:19,2019/3/3 8:19
40,レディース,パンツ,その他,2019/3/3 8:19,2019/3/3 8:19
41,レディース,スカート,ミニスカート,2019/3/3 8:19,2019/3/3 8:19
42,レディース,スカート,ひざ丈スカート,2019/3/3 8:19,2019/3/3 8:19
43,レディース,スカート,ロングスカート,2019/3/3 8:19,2019/3/3 8:19
44,レディース,スカート,キュロット,2019/3/3 8:19,2019/3/3 8:19
45,レディース,スカート,その他,2019/3/3 8:19,2019/3/3 8:19
46,レディース,ワンピース,ミニワンピース,2019/3/3 8:19,2019/3/3 8:19
47,レディース,ワンピース,ひざ丈ワンピース,2019/3/3 8:19,2019/3/3 8:19
48,レディース,ワンピース,ロングワンピース,2019/3/3 8:19,2019/3/3 8:19
49,レディース,ワンピース,その他,2019/3/3 8:19,2019/3/3 8:19
50,レディース,靴,ハイヒール/パンプス,2019/3/3 8:19,2019/3/3 8:19
51,レディース,靴,ブーツ,2019/3/3 8:19,2019/3/3 8:19
52,レディース,靴,サンダル,2019/3/3 8:19,2019/3/3 8:19
53,レディース,靴,スニーカー,2019/3/3 8:19,2019/3/3 8:19
54,レディース,靴,ミュール,2019/3/3 8:19,2019/3/3 8:19
55,レディース,靴,モカシン,2019/3/3 8:19,2019/3/3 8:19
56,レディース,靴,ローファー/革靴,2019/3/3 8:19,2019/3/3 8:19
57,レディース,靴,フラットシューズ/バレエシューズ,2019/3/3 8:19,2019/3/3 8:19
58,レディース,靴,長靴/レインシューズ,2019/3/3 8:19,2019/3/3 8:19
59,レディース,靴,その他,2019/3/3 8:19,2019/3/3 8:19
60,レディース,ルームウェア/パジャマ,パジャマ,2019/3/3 8:19,2019/3/3 8:19
61,レディース,ルームウェア/パジャマ,ルームウェア,2019/3/3 8:19,2019/3/3 8:19
62,レディース,レッグウェア,ソックス,2019/3/3 8:19,2019/3/3 8:19
63,レディース,レッグウェア,スパッツ/レギンス,2019/3/3 8:19,2019/3/3 8:19
64,レディース,レッグウェア,ストッキング/タイツ,2019/3/3 8:19,2019/3/3 8:19
65,レディース,レッグウェア,レッグウォーマー,2019/3/3 8:19,2019/3/3 8:19
66,レディース,レッグウェア,その他,2019/3/3 8:19,2019/3/3 8:19
67,レディース,帽子,ニットキャップ/ビーニー,2019/3/3 8:19,2019/3/3 8:19
68,レディース,帽子,ハット,2019/3/3 8:19,2019/3/3 8:19
69,レディース,帽子,ハンチング/ベレー帽,2019/3/3 8:19,2019/3/3 8:19
70,レディース,帽子,キャップ,2019/3/3 8:19,2019/3/3 8:19
71,レディース,帽子,キャスケット,2019/3/3 8:19,2019/3/3 8:19
72,レディース,帽子,麦わら帽子,2019/3/3 8:19,2019/3/3 8:19
73,レディース,帽子,その他,2019/3/3 8:19,2019/3/3 8:19
74,レディース,バッグ,ハンドバッグ,2019/3/3 8:19,2019/3/3 8:19
75,レディース,バッグ,トートバッグ,2019/3/3 8:19,2019/3/3 8:19
76,レディース,バッグ,エコバッグ,2019/3/3 8:19,2019/3/3 8:19
77,レディース,バッグ,リュック/バックパック,2019/3/3 8:19,2019/3/3 8:19
78,レディース,バッグ,ボストンバッグ,2019/3/3 8:19,2019/3/3 8:19
79,レディース,バッグ,スポーツバッグ,2019/3/3 8:19,2019/3/3 8:19
80,レディース,バッグ,ショルダーバッグ,2019/3/3 8:19,2019/3/3 8:19
81,レディース,バッグ,クラッチバッグ,2019/3/3 8:19,2019/3/3 8:19
82,レディース,バッグ,ポーチ/バニティ,2019/3/3 8:19,2019/3/3 8:19
83,レディース,バッグ,ボディバッグ/ウェストバッグ,2019/3/3 8:19,2019/3/3 8:19
84,レディース,バッグ,マザーズバッグ,2019/3/3 8:19,2019/3/3 8:19
85,レディース,バッグ,メッセンジャーバッグ,2019/3/3 8:19,2019/3/3 8:19
86,レディース,バッグ,ビジネスバッグ,2019/3/3 8:19,2019/3/3 8:19
87,レディース,バッグ,旅行用バッグ/キャリーバッグ,2019/3/3 8:19,2019/3/3 8:19
88,レディース,アクセサリー,ネックレス,2019/3/3 8:19,2019/3/3 8:19
89,レディース,アクセサリー,ブレスレット,2019/3/3 8:19,2019/3/3 8:19
90,レディース,アクセサリー,バングル/リストバンド,2019/3/3 8:19,2019/3/3 8:19
91,レディース,アクセサリー,リング,2019/3/3 8:19,2019/3/3 8:19
92,レディース,アクセサリー,ピアス(片耳用),2019/3/3 8:19,2019/3/3 8:19
93,レディース,アクセサリー,ピアス(両耳用),2019/3/3 8:19,2019/3/3 8:19
94,レディース,アクセサリー,イヤリング,2019/3/3 8:19,2019/3/3 8:19
95,レディース,アクセサリー,アンクレット,2019/3/3 8:19,2019/3/3 8:19
96,レディース,アクセサリー,ブローチ/コサージュ,2019/3/3 8:19,2019/3/3 8:19
97,レディース,アクセサリー,チャーム,2019/3/3 8:19,2019/3/3 8:19
98,レディース,アクセサリー,その他,2019/3/3 8:19,2019/3/3 8:19
99,レディース,ヘアアクセサリー,ヘアゴム/シュシュ,2019/3/3 8:19,2019/3/3 8:19
100,レディース,ヘアアクセサリー,ヘアバンド/カチューシャ,2019/3/3 8:19,2019/3/3 8:19
101,レディース,ヘアアクセサリー,ヘアピン,2019/3/3 8:19,2019/3/3 8:19
102,レディース,ヘアアクセサリー,その他,2019/3/3 8:19,2019/3/3 8:19
103,レディース,小物,長財布,2019/3/3 8:19,2019/3/3 8:19
104,レディース,小物,折り財布,2019/3/3 8:19,2019/3/3 8:19
105,レディース,小物,コインケース/小銭入れ,2019/3/3 8:19,2019/3/3 8:19
106,レディース,小物,名刺入れ/定期入れ,2019/3/3 8:19,2019/3/3 8:19
107,レディース,小物,キーケース,2019/3/3 8:19,2019/3/3 8:19
108,レディース,小物,キーホルダー,2019/3/3 8:19,2019/3/3 8:19
109,レディース,小物,手袋/アームカバー,2019/3/3 8:19,2019/3/3 8:19
110,レディース,小物,ハンカチ,2019/3/3 8:19,2019/3/3 8:19
111,レディース,小物,ベルト,2019/3/3 8:19,2019/3/3 8:19
112,レディース,小物,マフラー/ショール,2019/3/3 8:19,2019/3/3 8:19
113,レディース,小物,ストール/スヌード,2019/3/3 8:19,2019/3/3 8:19
114,レディース,小物,バンダナ/スカーフ,2019/3/3 8:19,2019/3/3 8:19
115,レディース,小物,ネックウォーマー,2019/3/3 8:19,2019/3/3 8:19
116,レディース,小物,サスペンダー,2019/3/3 8:19,2019/3/3 8:19
117,レディース,時計,腕時計(アナログ),2019/3/3 8:19,2019/3/3 8:19
118,レディース,時計,腕時計(デジタル),2019/3/3 8:19,2019/3/3 8:19
119,レディース,時計,ラバーベルト,2019/3/3 8:19,2019/3/3 8:19
120,レディース,時計,レザーベルト,2019/3/3 8:19,2019/3/3 8:19
121,レディース,時計,金属ベルト,2019/3/3 8:19,2019/3/3 8:19
122,レディース,時計,その他,2019/3/3 8:19,2019/3/3 8:19
123,メンズ,トップス,Tシャツ/カットソー(半袖/袖なし),2019/3/3 8:19,2019/3/3 8:19
124,メンズ,トップス,Tシャツ/カットソー(七分/長袖),2019/3/3 8:19,2019/3/3 8:19
125,メンズ,トップス,シャツ,2019/3/3 8:19,2019/3/3 8:19
126,メンズ,トップス,ポロシャツ,2019/3/3 8:19,2019/3/3 8:19
127,メンズ,トップス,タンクトップ,2019/3/3 8:19,2019/3/3 8:19
128,メンズ,トップス,ニット/セーター,2019/3/3 8:19,2019/3/3 8:19
129,メンズ,トップス,パーカー,2019/3/3 8:19,2019/3/3 8:19
130,メンズ,トップス,カーディガン,2019/3/3 8:19,2019/3/3 8:19
131,メンズ,トップス,スウェット,2019/3/3 8:19,2019/3/3 8:19
132,メンズ,トップス,ジャージ,2019/3/3 8:19,2019/3/3 8:19
133,メンズ,トップス,ベスト,2019/3/3 8:19,2019/3/3 8:19
134,メンズ,トップス,その他,2019/3/3 8:19,2019/3/3 8:19
135,メンズ,ジャケット/アウター,テーラードジャケット,2019/3/3 8:19,2019/3/3 8:19
136,メンズ,ジャケット/アウター,ノーカラージャケット,2019/3/3 8:19,2019/3/3 8:19
137,メンズ,ジャケット/アウター,Gジャン/デニムジャケット,2019/3/3 8:19,2019/3/3 8:19
138,メンズ,ジャケット/アウター,レザージャケット,2019/3/3 8:19,2019/3/3 8:19
139,メンズ,ジャケット/アウター,ダウンジャケット,2019/3/3 8:19,2019/3/3 8:19
140,メンズ,ジャケット/アウター,ライダースジャケット,2019/3/3 8:19,2019/3/3 8:19
141,メンズ,ジャケット/アウター,ミリタリージャケット,2019/3/3 8:19,2019/3/3 8:19
142,メンズ,ジャケット/アウター,ナイロンジャケット,2019/3/3 8:19,2019/3/3 8:19
143,メンズ,ジャケット/アウター,フライトジャケット,2019/3/3 8:19,2019/3/3 8:19
144,メンズ,ジャケット/アウター,ダッフルコート,2019/3/3 8:19,2019/3/3 8:19
145,メンズ,ジャケット/アウター,ピーコート,2019/3/3 8:19,2019/3/3 8:19
146,メンズ,ジャケット/アウター,ステンカラーコート,2019/3/3 8:19,2019/3/3 8:19
147,メンズ,ジャケット/アウター,トレンチコート,2019/3/3 8:19,2019/3/3 8:19
148,メンズ,ジャケット/アウター,モッズコート,2019/3/3 8:19,2019/3/3 8:19
149,メンズ,パンツ,デニム/ジーンズ,2019/3/3 8:19,2019/3/3 8:19
150,メンズ,パンツ,ワークパンツ/カーゴパンツ,2019/3/3 8:19,2019/3/3 8:19
151,メンズ,パンツ,スラックス,2019/3/3 8:19,2019/3/3 8:19
152,メンズ,パンツ,チノパン,2019/3/3 8:19,2019/3/3 8:19
153,メンズ,パンツ,ショートパンツ,2019/3/3 8:19,2019/3/3 8:19
154,メンズ,パンツ,ペインターパンツ,2019/3/3 8:19,2019/3/3 8:19
155,メンズ,パンツ,サルエルパンツ,2019/3/3 8:19,2019/3/3 8:19
156,メンズ,パンツ,オーバーオール,2019/3/3 8:19,2019/3/3 8:19
157,メンズ,パンツ,その他,2019/3/3 8:19,2019/3/3 8:19
158,メンズ,靴,スニーカー,2019/3/3 8:19,2019/3/3 8:19
159,メンズ,靴,サンダル,2019/3/3 8:19,2019/3/3 8:19
160,メンズ,靴,ブーツ,2019/3/3 8:19,2019/3/3 8:19
161,メンズ,靴,モカシン,2019/3/3 8:19,2019/3/3 8:19
162,メンズ,靴,ドレス/ビジネス,2019/3/3 8:19,2019/3/3 8:19
163,メンズ,靴,長靴/レインシューズ,2019/3/3 8:19,2019/3/3 8:19
164,メンズ,靴,デッキシューズ,2019/3/3 8:19,2019/3/3 8:19
165,メンズ,靴,その他,2019/3/3 8:19,2019/3/3 8:19
166,メンズ,バッグ,ショルダーバッグ,2019/3/3 8:19,2019/3/3 8:19
167,メンズ,バッグ,トートバッグ,2019/3/3 8:19,2019/3/3 8:19
168,メンズ,バッグ,ボストンバッグ,2019/3/3 8:19,2019/3/3 8:19
169,メンズ,バッグ,リュック/バックパック,2019/3/3 8:19,2019/3/3 8:19
170,メンズ,バッグ,ウエストポーチ,2019/3/3 8:19,2019/3/3 8:19
171,メンズ,バッグ,ボディーバッグ,2019/3/3 8:19,2019/3/3 8:19
172,メンズ,バッグ,ドラムバッグ,2019/3/3 8:19,2019/3/3 8:19
173,メンズ,バッグ,ビジネスバッグ,2019/3/3 8:19,2019/3/3 8:19
174,メンズ,バッグ,トラベルバッグ,2019/3/3 8:19,2019/3/3 8:19
175,メンズ,バッグ,メッセンジャーバッグ,2019/3/3 8:19,2019/3/3 8:19
176,メンズ,バッグ,エコバッグ,2019/3/3 8:19,2019/3/3 8:19
177,メンズ,バッグ,その他,2019/3/3 8:19,2019/3/3 8:19
178,メンズ,スーツ,スーツジャケット,2019/3/3 8:19,2019/3/3 8:19
179,メンズ,スーツ,スーツベスト,2019/3/3 8:19,2019/3/3 8:19
180,メンズ,スーツ,スラックス,2019/3/3 8:19,2019/3/3 8:19
181,メンズ,スーツ,セットアップ,2019/3/3 8:19,2019/3/3 8:19
182,メンズ,スーツ,その他,2019/3/3 8:19,2019/3/3 8:19
183,メンズ,帽子,キャップ,2019/3/3 8:19,2019/3/3 8:19
184,メンズ,帽子,ハット,2019/3/3 8:19,2019/3/3 8:19
185,メンズ,帽子,ニットキャップ/ビーニー,2019/3/3 8:19,2019/3/3 8:19
186,メンズ,帽子,ハンチング/ベレー帽,2019/3/3 8:19,2019/3/3 8:19
187,メンズ,帽子,キャスケット,2019/3/3 8:19,2019/3/3 8:19
188,メンズ,帽子,サンバイザー,2019/3/3 8:19,2019/3/3 8:19
189,メンズ,帽子,その他,2019/3/3 8:19,2019/3/3 8:19
190,メンズ,アクセサリー,ネックレス,2019/3/3 8:19,2019/3/3 8:19
191,メンズ,アクセサリー,ブレスレット,2019/3/3 8:19,2019/3/3 8:19
192,メンズ,アクセサリー,バングル/リストバンド,2019/3/3 8:19,2019/3/3 8:19
193,メンズ,アクセサリー,リング,2019/3/3 8:19,2019/3/3 8:19
194,メンズ,アクセサリー,ピアス(片耳用),2019/3/3 8:19,2019/3/3 8:19
195,メンズ,アクセサリー,ピアス(両耳用),2019/3/3 8:19,2019/3/3 8:19
196,メンズ,アクセサリー,アンクレット,2019/3/3 8:19,2019/3/3 8:19
197,メンズ,アクセサリー,その他,2019/3/3 8:19,2019/3/3 8:19
198,メンズ,小物,長財布,2019/3/3 8:19,2019/3/3 8:19
199,メンズ,小物,折り財布,2019/3/3 8:19,2019/3/3 8:19
200,メンズ,小物,マネークリップ,2019/3/3 8:19,2019/3/3 8:19
201,メンズ,小物,コインケース/小銭入れ,2019/3/3 8:19,2019/3/3 8:19
202,メンズ,小物,名刺入れ/定期入れ,2019/3/3 8:19,2019/3/3 8:19
203,メンズ,小物,キーケース,2019/3/3 8:19,2019/3/3 8:19
204,メンズ,小物,キーホルダー,2019/3/3 8:19,2019/3/3 8:19
205,メンズ,小物,ネクタイ,2019/3/3 8:19,2019/3/3 8:19
206,メンズ,小物,手袋,2019/3/3 8:19,2019/3/3 8:19
207,メンズ,小物,ハンカチ,2019/3/3 8:19,2019/3/3 8:19
208,メンズ,小物,ベルト,2019/3/3 8:19,2019/3/3 8:19
209,メンズ,小物,マフラー,2019/3/3 8:19,2019/3/3 8:19
210,メンズ,小物,ストール,2019/3/3 8:19,2019/3/3 8:19
211,メンズ,小物,バンダナ,2019/3/3 8:19,2019/3/3 8:19
212,メンズ,時計,腕時計(アナログ),2019/3/3 8:19,2019/3/3 8:19
213,メンズ,時計,腕時計(デジタル),2019/3/3 8:19,2019/3/3 8:19
214,メンズ,時計,ラバーベルト,2019/3/3 8:19,2019/3/3 8:19
215,メンズ,時計,レザーベルト,2019/3/3 8:19,2019/3/3 8:19
216,メンズ,時計,金属ベルト,2019/3/3 8:19,2019/3/3 8:19
217,メンズ,時計,その他,2019/3/3 8:19,2019/3/3 8:19
218,メンズ,水着,一般水着,2019/3/3 8:19,2019/3/3 8:19
219,メンズ,水着,スポーツ用,2019/3/3 8:19,2019/3/3 8:19
220,メンズ,水着,アクセサリー,2019/3/3 8:19,2019/3/3 8:19
221,メンズ,水着,その他,2019/3/3 8:19,2019/3/3 8:19
222,メンズ,レッグウェア,ソックス,2019/3/3 8:19,2019/3/3 8:19
223,メンズ,レッグウェア,レギンス/スパッツ,2019/3/3 8:19,2019/3/3 8:19
224,メンズ,レッグウェア,レッグウォーマー,2019/3/3 8:19,2019/3/3 8:19
225,メンズ,レッグウェア,その他,2019/3/3 8:19,2019/3/3 8:19
226,メンズ,アンダーウェア,トランクス,2019/3/3 8:19,2019/3/3 8:19
227,メンズ,アンダーウェア,ボクサーパンツ,2019/3/3 8:19,2019/3/3 8:19
228,メンズ,アンダーウェア,その他,2019/3/3 8:19,2019/3/3 8:19
229,ベビー・キッズ,ベビー服(女の子用)  ~95cm,トップス,2019/3/3 8:19,2019/3/3 8:19
230,ベビー・キッズ,ベビー服(女の子用)  ~95cm,アウター,2019/3/3 8:19,2019/3/3 8:19
231,ベビー・キッズ,ベビー服(女の子用)  ~95cm,パンツ,2019/3/3 8:19,2019/3/3 8:19
232,ベビー・キッズ,ベビー服(女の子用)  ~95cm,スカート,2019/3/3 8:19,2019/3/3 8:19
233,ベビー・キッズ,ベビー服(女の子用)  ~95cm,ワンピース,2019/3/3 8:19,2019/3/3 8:19
234,ベビー・キッズ,ベビー服(女の子用)  ~95cm,ベビードレス,2019/3/3 8:19,2019/3/3 8:19
235,ベビー・キッズ,ベビー服(女の子用)  ~95cm,おくるみ,2019/3/3 8:19,2019/3/3 8:19
236,ベビー・キッズ,ベビー服(女の子用)  ~95cm,下着/肌着,2019/3/3 8:19,2019/3/3 8:19
237,ベビー・キッズ,ベビー服(女の子用)  ~95cm,パジャマ,2019/3/3 8:19,2019/3/3 8:19
238,ベビー・キッズ,ベビー服(女の子用)  ~95cm,ロンパース,2019/3/3 8:19,2019/3/3 8:19
239,ベビー・キッズ,ベビー服(女の子用)  ~95cm,その他,2019/3/3 8:19,2019/3/3 8:19
240,ベビー・キッズ,ベビー服(男の子用)  ~95cm,トップス,2019/3/3 8:19,2019/3/3 8:19
241,ベビー・キッズ,ベビー服(男の子用)  ~95cm,アウター,2019/3/3 8:19,2019/3/3 8:19
242,ベビー・キッズ,ベビー服(男の子用)  ~95cm,パンツ,2019/3/3 8:19,2019/3/3 8:19
243,ベビー・キッズ,ベビー服(男の子用)  ~95cm,おくるみ,2019/3/3 8:19,2019/3/3 8:19
244,ベビー・キッズ,ベビー服(男の子用)  ~95cm,下着/肌着,2019/3/3 8:19,2019/3/3 8:19
245,ベビー・キッズ,ベビー服(男の子用)  ~95cm,パジャマ,2019/3/3 8:19,2019/3/3 8:19
246,ベビー・キッズ,ベビー服(男の子用)  ~95cm,ロンパース,2019/3/3 8:19,2019/3/3 8:19
247,ベビー・キッズ,ベビー服(男の子用)  ~95cm,その他,2019/3/3 8:19,2019/3/3 8:19
248,ベビー・キッズ,ベビー服(男女兼用)  ~95cm,トップス,2019/3/3 8:19,2019/3/3 8:19
249,ベビー・キッズ,ベビー服(男女兼用)  ~95cm,アウター,2019/3/3 8:19,2019/3/3 8:19
250,ベビー・キッズ,ベビー服(男女兼用)  ~95cm,パンツ,2019/3/3 8:19,2019/3/3 8:19
251,ベビー・キッズ,ベビー服(男女兼用)  ~95cm,おくるみ,2019/3/3 8:19,2019/3/3 8:19
252,ベビー・キッズ,ベビー服(男女兼用)  ~95cm,下着/肌着,2019/3/3 8:19,2019/3/3 8:19
253,ベビー・キッズ,ベビー服(男女兼用)  ~95cm,パジャマ,2019/3/3 8:19,2019/3/3 8:19
254,ベビー・キッズ,ベビー服(男女兼用)  ~95cm,ロンパース,2019/3/3 8:19,2019/3/3 8:19
255,ベビー・キッズ,ベビー服(男女兼用)  ~95cm,その他,2019/3/3 8:19,2019/3/3 8:19
256,ベビー・キッズ,キッズ服(女の子用) 100cm~,コート,2019/3/3 8:19,2019/3/3 8:19
257,ベビー・キッズ,キッズ服(女の子用) 100cm~,ジャケット/上着,2019/3/3 8:19,2019/3/3 8:19
258,ベビー・キッズ,キッズ服(女の子用) 100cm~,トップス(Tシャツ/カットソー),2019/3/3 8:19,2019/3/3 8:19
259,ベビー・キッズ,キッズ服(女の子用) 100cm~,トップス(トレーナー),2019/3/3 8:19,2019/3/3 8:19
260,ベビー・キッズ,キッズ服(女の子用) 100cm~,トップス(チュニック),2019/3/3 8:19,2019/3/3 8:19
261,ベビー・キッズ,キッズ服(女の子用) 100cm~,トップス(タンクトップ),2019/3/3 8:19,2019/3/3 8:19
262,ベビー・キッズ,キッズ服(女の子用) 100cm~,トップス(その他),2019/3/3 8:19,2019/3/3 8:19
263,ベビー・キッズ,キッズ服(女の子用) 100cm~,スカート,2019/3/3 8:19,2019/3/3 8:19
264,ベビー・キッズ,キッズ服(女の子用) 100cm~,パンツ,2019/3/3 8:19,2019/3/3 8:19
265,ベビー・キッズ,キッズ服(女の子用) 100cm~,ワンピース,2019/3/3 8:19,2019/3/3 8:19
266,ベビー・キッズ,キッズ服(女の子用) 100cm~,セットアップ,2019/3/3 8:19,2019/3/3 8:19
267,ベビー・キッズ,キッズ服(女の子用) 100cm~,パジャマ,2019/3/3 8:19,2019/3/3 8:19
268,ベビー・キッズ,キッズ服(女の子用) 100cm~,フォーマル/ドレス,2019/3/3 8:19,2019/3/3 8:19
269,ベビー・キッズ,キッズ服(女の子用) 100cm~,和服,2019/3/3 8:19,2019/3/3 8:19
270,ベビー・キッズ,キッズ服(男の子用) 100cm~,コート,2019/3/3 8:19,2019/3/3 8:19
271,ベビー・キッズ,キッズ服(男の子用) 100cm~,ジャケット/上着,2019/3/3 8:19,2019/3/3 8:19
272,ベビー・キッズ,キッズ服(男の子用) 100cm~,トップス(Tシャツ/カットソー),2019/3/3 8:19,2019/3/3 8:19
273,ベビー・キッズ,キッズ服(男の子用) 100cm~,トップス(トレーナー),2019/3/3 8:19,2019/3/3 8:19
274,ベビー・キッズ,キッズ服(男の子用) 100cm~,トップス(その他),2019/3/3 8:19,2019/3/3 8:19
275,ベビー・キッズ,キッズ服(男の子用) 100cm~,パンツ,2019/3/3 8:19,2019/3/3 8:19
276,ベビー・キッズ,キッズ服(男の子用) 100cm~,セットアップ,2019/3/3 8:19,2019/3/3 8:19
277,ベビー・キッズ,キッズ服(男の子用) 100cm~,パジャマ,2019/3/3 8:19,2019/3/3 8:19
278,ベビー・キッズ,キッズ服(男の子用) 100cm~,フォーマル/ドレス,2019/3/3 8:19,2019/3/3 8:19
279,ベビー・キッズ,キッズ服(男の子用) 100cm~,和服,2019/3/3 8:19,2019/3/3 8:19
280,ベビー・キッズ,キッズ服(男の子用) 100cm~,浴衣,2019/3/3 8:19,2019/3/3 8:19
281,ベビー・キッズ,キッズ服(男の子用) 100cm~,甚平,2019/3/3 8:19,2019/3/3 8:19
282,ベビー・キッズ,キッズ服(男の子用) 100cm~,水着,2019/3/3 8:19,2019/3/3 8:19
283,ベビー・キッズ,キッズ服(男の子用) 100cm~,その他,2019/3/3 8:19,2019/3/3 8:19
284,ベビー・キッズ,キッズ服(男女兼用) 100cm~,コート,2019/3/3 8:19,2019/3/3 8:19
285,ベビー・キッズ,キッズ服(男女兼用) 100cm~,ジャケット/上着,2019/3/3 8:19,2019/3/3 8:19
286,ベビー・キッズ,キッズ服(男女兼用) 100cm~,トップス(Tシャツ/カットソー),2019/3/3 8:19,2019/3/3 8:19
287,ベビー・キッズ,キッズ服(男女兼用) 100cm~,トップス(トレーナー),2019/3/3 8:19,2019/3/3 8:19
288,ベビー・キッズ,キッズ服(男女兼用) 100cm~,トップス(その他),2019/3/3 8:19,2019/3/3 8:19
289,ベビー・キッズ,キッズ服(男女兼用) 100cm~,ボトムス,2019/3/3 8:19,2019/3/3 8:19
290,ベビー・キッズ,キッズ服(男女兼用) 100cm~,パジャマ,2019/3/3 8:19,2019/3/3 8:19
291,ベビー・キッズ,キッズ服(男女兼用) 100cm~,その他,2019/3/3 8:19,2019/3/3 8:19
292,ベビー・キッズ,キッズ靴,スニーカー,2019/3/3 8:19,2019/3/3 8:19
293,ベビー・キッズ,キッズ靴,サンダル,2019/3/3 8:19,2019/3/3 8:19
294,ベビー・キッズ,キッズ靴,ブーツ,2019/3/3 8:19,2019/3/3 8:19
295,ベビー・キッズ,キッズ靴,長靴,2019/3/3 8:19,2019/3/3 8:19
296,ベビー・キッズ,キッズ靴,その他,2019/3/3 8:19,2019/3/3 8:19
297,ベビー・キッズ,子ども用ファッション小物,靴下/スパッツ,2019/3/3 8:19,2019/3/3 8:19
298,ベビー・キッズ,子ども用ファッション小物,帽子,2019/3/3 8:19,2019/3/3 8:19
299,ベビー・キッズ,子ども用ファッション小物,エプロン,2019/3/3 8:19,2019/3/3 8:19
300,ベビー・キッズ,子ども用ファッション小物,サスペンダー,2019/3/3 8:19,2019/3/3 8:19
301,ベビー・キッズ,子ども用ファッション小物,タイツ,2019/3/3 8:19,2019/3/3 8:19
302,ベビー・キッズ,子ども用ファッション小物,ハンカチ,2019/3/3 8:19,2019/3/3 8:19
303,ベビー・キッズ,子ども用ファッション小物,バンダナ,2019/3/3 8:19,2019/3/3 8:19
304,ベビー・キッズ,子ども用ファッション小物,ベルト,2019/3/3 8:19,2019/3/3 8:19
305,ベビー・キッズ,子ども用ファッション小物,マフラー,2019/3/3 8:19,2019/3/3 8:19
306,ベビー・キッズ,子ども用ファッション小物,傘,2019/3/3 8:19,2019/3/3 8:19
307,ベビー・キッズ,子ども用ファッション小物,手袋,2019/3/3 8:19,2019/3/3 8:19
308,ベビー・キッズ,子ども用ファッション小物,スタイ,2019/3/3 8:19,2019/3/3 8:19
309,ベビー・キッズ,子ども用ファッション小物,バッグ,2019/3/3 8:19,2019/3/3 8:19
310,ベビー・キッズ,子ども用ファッション小物,その他,2019/3/3 8:19,2019/3/3 8:19
311,ベビー・キッズ,おむつ/トイレ/バス,おむつ用品,2019/3/3 8:19,2019/3/3 8:19
312,ベビー・キッズ,おむつ/トイレ/バス,おまる/補助便座,2019/3/3 8:19,2019/3/3 8:19
313,ベビー・キッズ,おむつ/トイレ/バス,トレーニングパンツ,2019/3/3 8:19,2019/3/3 8:19
314,ベビー・キッズ,おむつ/トイレ/バス,ベビーバス,2019/3/3 8:19,2019/3/3 8:19
315,ベビー・キッズ,おむつ/トイレ/バス,お風呂用品,2019/3/3 8:19,2019/3/3 8:19
316,ベビー・キッズ,おむつ/トイレ/バス,その他,2019/3/3 8:19,2019/3/3 8:19
317,ベビー・キッズ,外出/移動用品,ベビーカー,2019/3/3 8:19,2019/3/3 8:19
318,ベビー・キッズ,外出/移動用品,抱っこひも/スリング,2019/3/3 8:19,2019/3/3 8:19
319,ベビー・キッズ,外出/移動用品,チャイルドシート,2019/3/3 8:19,2019/3/3 8:19
320,ベビー・キッズ,外出/移動用品,その他,2019/3/3 8:19,2019/3/3 8:19
321,ベビー・キッズ,授乳/食事,ミルク,2019/3/3 8:19,2019/3/3 8:19
322,ベビー・キッズ,授乳/食事,ベビーフード,2019/3/3 8:19,2019/3/3 8:19
323,ベビー・キッズ,授乳/食事,ベビー用食器,2019/3/3 8:19,2019/3/3 8:19
324,ベビー・キッズ,授乳/食事,その他,2019/3/3 8:19,2019/3/3 8:19
325,ベビー・キッズ,ベビー家具/寝具/室内用品,ベッド,2019/3/3 8:19,2019/3/3 8:19
326,ベビー・キッズ,ベビー家具/寝具/室内用品,布団/毛布,2019/3/3 8:19,2019/3/3 8:19
327,ベビー・キッズ,ベビー家具/寝具/室内用品,イス,2019/3/3 8:19,2019/3/3 8:19
328,ベビー・キッズ,ベビー家具/寝具/室内用品,たんす,2019/3/3 8:19,2019/3/3 8:19
329,ベビー・キッズ,ベビー家具/寝具/室内用品,その他,2019/3/3 8:19,2019/3/3 8:19
330,ベビー・キッズ,おもちゃ,おふろのおもちゃ,2019/3/3 8:19,2019/3/3 8:19
331,ベビー・キッズ,おもちゃ,がらがら,2019/3/3 8:19,2019/3/3 8:19
332,ベビー・キッズ,おもちゃ,オルゴール,2019/3/3 8:19,2019/3/3 8:19
333,ベビー・キッズ,おもちゃ,ベビージム,2019/3/3 8:19,2019/3/3 8:19
334,ベビー・キッズ,おもちゃ,手押し車/カタカタ,2019/3/3 8:19,2019/3/3 8:19
335,ベビー・キッズ,おもちゃ,知育玩具,2019/3/3 8:19,2019/3/3 8:19
336,ベビー・キッズ,おもちゃ,その他,2019/3/3 8:19,2019/3/3 8:19
337,ベビー・キッズ,行事/記念品,お宮参り用品,2019/3/3 8:19,2019/3/3 8:19
338,ベビー・キッズ,行事/記念品,お食い初め用品,2019/3/3 8:19,2019/3/3 8:19
339,ベビー・キッズ,行事/記念品,アルバム,2019/3/3 8:19,2019/3/3 8:19
340,ベビー・キッズ,行事/記念品,手形/足形,2019/3/3 8:19,2019/3/3 8:19
341,ベビー・キッズ,行事/記念品,その他,2019/3/3 8:19,2019/3/3 8:19
342,インテリア・住まい・小物,キッチン/食器,食器,2019/3/3 8:19,2019/3/3 8:19
343,インテリア・住まい・小物,キッチン/食器,調理器具,2019/3/3 8:19,2019/3/3 8:19
344,インテリア・住まい・小物,キッチン/食器,収納/キッチン雑貨,2019/3/3 8:19,2019/3/3 8:19
345,インテリア・住まい・小物,キッチン/食器,弁当用品,2019/3/3 8:19,2019/3/3 8:19
346,インテリア・住まい・小物,キッチン/食器,カトラリー(スプーン等),2019/3/3 8:19,2019/3/3 8:19
347,インテリア・住まい・小物,キッチン/食器,テーブル用品,2019/3/3 8:19,2019/3/3 8:19
348,インテリア・住まい・小物,キッチン/食器,容器,2019/3/3 8:19,2019/3/3 8:19
349,インテリア・住まい・小物,キッチン/食器,エプロン,2019/3/3 8:19,2019/3/3 8:19
350,インテリア・住まい・小物,キッチン/食器,アルコールグッズ,2019/3/3 8:19,2019/3/3 8:19
351,インテリア・住まい・小物,キッチン/食器,浄水機,2019/3/3 8:19,2019/3/3 8:19
352,インテリア・住まい・小物,キッチン/食器,その他,2019/3/3 8:19,2019/3/3 8:19
353,インテリア・住まい・小物,ベッド/マットレス,セミシングルベッド,2019/3/3 8:19,2019/3/3 8:19
354,インテリア・住まい・小物,ベッド/マットレス,シングルベッド,2019/3/3 8:19,2019/3/3 8:19
355,インテリア・住まい・小物,ベッド/マットレス,セミダブルベッド,2019/3/3 8:19,2019/3/3 8:19
356,インテリア・住まい・小物,ベッド/マットレス,ダブルベッド,2019/3/3 8:19,2019/3/3 8:19
357,インテリア・住まい・小物,ベッド/マットレス,ワイドダブルベッド,2019/3/3 8:19,2019/3/3 8:19
358,インテリア・住まい・小物,ベッド/マットレス,クイーンベッド,2019/3/3 8:19,2019/3/3 8:19
359,インテリア・住まい・小物,ベッド/マットレス,キングベッド,2019/3/3 8:19,2019/3/3 8:19
360,インテリア・住まい・小物,ベッド/マットレス,脚付きマットレスベッド,2019/3/3 8:19,2019/3/3 8:19
361,インテリア・住まい・小物,ベッド/マットレス,マットレス,2019/3/3 8:19,2019/3/3 8:19
362,インテリア・住まい・小物,ベッド/マットレス,すのこベッド,2019/3/3 8:19,2019/3/3 8:19
363,インテリア・住まい・小物,ベッド/マットレス,ロフトベッド/システムベッド,2019/3/3 8:19,2019/3/3 8:19
364,インテリア・住まい・小物,ベッド/マットレス,簡易ベッド/折りたたみベッド,2019/3/3 8:19,2019/3/3 8:19
365,インテリア・住まい・小物,ベッド/マットレス,収納付き,2019/3/3 8:19,2019/3/3 8:19
366,インテリア・住まい・小物,ベッド/マットレス,その他,2019/3/3 8:19,2019/3/3 8:19
367,インテリア・住まい・小物,ソファ/ソファベッド,ソファセット,2019/3/3 8:19,2019/3/3 8:19
368,インテリア・住まい・小物,ソファ/ソファベッド,シングルソファ,2019/3/3 8:19,2019/3/3 8:19
369,インテリア・住まい・小物,ソファ/ソファベッド,ラブソファ,2019/3/3 8:19,2019/3/3 8:19
370,インテリア・住まい・小物,ソファ/ソファベッド,トリプルソファ,2019/3/3 8:19,2019/3/3 8:19
371,インテリア・住まい・小物,ソファ/ソファベッド,オットマン,2019/3/3 8:19,2019/3/3 8:19
372,インテリア・住まい・小物,ソファ/ソファベッド,コーナーソファ,2019/3/3 8:19,2019/3/3 8:19
373,インテリア・住まい・小物,ソファ/ソファベッド,ビーズソファ/クッションソファ,2019/3/3 8:19,2019/3/3 8:19
374,インテリア・住まい・小物,ソファ/ソファベッド,ローソファ/フロアソファ,2019/3/3 8:19,2019/3/3 8:19
375,インテリア・住まい・小物,ソファ/ソファベッド,ソファベッド,2019/3/3 8:19,2019/3/3 8:19
376,インテリア・住まい・小物,ソファ/ソファベッド,応接セット,2019/3/3 8:19,2019/3/3 8:19
377,インテリア・住まい・小物,ソファ/ソファベッド,ソファカバー,2019/3/3 8:19,2019/3/3 8:19
378,インテリア・住まい・小物,ソファ/ソファベッド,リクライニングソファ,2019/3/3 8:19,2019/3/3 8:19
379,インテリア・住まい・小物,ソファ/ソファベッド,その他,2019/3/3 8:19,2019/3/3 8:19
380,インテリア・住まい・小物,椅子/チェア,一般,2019/3/3 8:19,2019/3/3 8:19
381,インテリア・住まい・小物,椅子/チェア,スツール,2019/3/3 8:19,2019/3/3 8:19
382,インテリア・住まい・小物,椅子/チェア,ダイニングチェア,2019/3/3 8:19,2019/3/3 8:19
383,インテリア・住まい・小物,椅子/チェア,ハイバックチェア,2019/3/3 8:19,2019/3/3 8:19
384,インテリア・住まい・小物,椅子/チェア,ロッキングチェア,2019/3/3 8:19,2019/3/3 8:19
385,インテリア・住まい・小物,椅子/チェア,座椅子,2019/3/3 8:19,2019/3/3 8:19
386,インテリア・住まい・小物,椅子/チェア,折り畳みイス,2019/3/3 8:19,2019/3/3 8:19
387,インテリア・住まい・小物,椅子/チェア,デスクチェア,2019/3/3 8:19,2019/3/3 8:19
388,インテリア・住まい・小物,椅子/チェア,その他,2019/3/3 8:19,2019/3/3 8:19
389,インテリア・住まい・小物,机/テーブル,こたつ,2019/3/3 8:19,2019/3/3 8:19
390,インテリア・住まい・小物,机/テーブル,カウンターテーブル,2019/3/3 8:19,2019/3/3 8:19
391,インテリア・住まい・小物,机/テーブル,サイドテーブル,2019/3/3 8:19,2019/3/3 8:19
392,インテリア・住まい・小物,机/テーブル,センターテーブル,2019/3/3 8:19,2019/3/3 8:19
393,インテリア・住まい・小物,机/テーブル,ダイニングテーブル,2019/3/3 8:19,2019/3/3 8:19
394,インテリア・住まい・小物,机/テーブル,座卓/ちゃぶ台,2019/3/3 8:19,2019/3/3 8:19
395,インテリア・住まい・小物,机/テーブル,アウトドア用,2019/3/3 8:19,2019/3/3 8:19
396,インテリア・住まい・小物,机/テーブル,パソコン用,2019/3/3 8:19,2019/3/3 8:19
397,インテリア・住まい・小物,机/テーブル,事務机/学習机,2019/3/3 8:19,2019/3/3 8:19
398,インテリア・住まい・小物,机/テーブル,その他,2019/3/3 8:19,2019/3/3 8:19
399,インテリア・住まい・小物,収納家具,リビング収納,2019/3/3 8:19,2019/3/3 8:19
400,インテリア・住まい・小物,収納家具,キッチン収納,2019/3/3 8:19,2019/3/3 8:19
401,インテリア・住まい・小物,収納家具,玄関/屋外収納,2019/3/3 8:19,2019/3/3 8:19
402,インテリア・住まい・小物,収納家具,バス/トイレ収納,2019/3/3 8:19,2019/3/3 8:19
403,インテリア・住まい・小物,収納家具,本収納,2019/3/3 8:19,2019/3/3 8:19
404,インテリア・住まい・小物,収納家具,本/CD/DVD収納,2019/3/3 8:19,2019/3/3 8:19
405,インテリア・住まい・小物,収納家具,洋服タンス/押入れ収納,2019/3/3 8:19,2019/3/3 8:19
406,インテリア・住まい・小物,収納家具,電話台/ファックス台,2019/3/3 8:19,2019/3/3 8:19
407,インテリア・住まい・小物,収納家具,ドレッサー/鏡台,2019/3/3 8:19,2019/3/3 8:19
408,インテリア・住まい・小物,収納家具,棚/ラック,2019/3/3 8:19,2019/3/3 8:19
409,インテリア・住まい・小物,収納家具,ケース/ボックス,2019/3/3 8:19,2019/3/3 8:19
410,インテリア・住まい・小物,収納家具,その他,2019/3/3 8:19,2019/3/3 8:19
411,インテリア・住まい・小物,ラグ/カーペット/マット,ラグ,2019/3/3 8:19,2019/3/3 8:19
412,インテリア・住まい・小物,ラグ/カーペット/マット,カーペット,2019/3/3 8:19,2019/3/3 8:19
413,インテリア・住まい・小物,ラグ/カーペット/マット,ホットカーペット,2019/3/3 8:19,2019/3/3 8:19
414,インテリア・住まい・小物,ラグ/カーペット/マット,玄関/キッチンマット,2019/3/3 8:19,2019/3/3 8:19
415,インテリア・住まい・小物,ラグ/カーペット/マット,トイレ/バスマット,2019/3/3 8:19,2019/3/3 8:19
416,インテリア・住まい・小物,ラグ/カーペット/マット,その他,2019/3/3 8:19,2019/3/3 8:19
417,インテリア・住まい・小物,カーテン/ブラインド,カーテン,2019/3/3 8:19,2019/3/3 8:19
418,インテリア・住まい・小物,カーテン/ブラインド,ブラインド,2019/3/3 8:19,2019/3/3 8:19
419,インテリア・住まい・小物,カーテン/ブラインド,ロールスクリーン,2019/3/3 8:19,2019/3/3 8:19
420,インテリア・住まい・小物,カーテン/ブラインド,のれん,2019/3/3 8:19,2019/3/3 8:19
421,インテリア・住まい・小物,カーテン/ブラインド,その他,2019/3/3 8:19,2019/3/3 8:19
422,インテリア・住まい・小物,ライト/照明,蛍光灯/電球,2019/3/3 8:19,2019/3/3 8:19
423,インテリア・住まい・小物,ライト/照明,天井照明,2019/3/3 8:19,2019/3/3 8:19
424,インテリア・住まい・小物,ライト/照明,フロアスタンド,2019/3/3 8:19,2019/3/3 8:19
425,インテリア・住まい・小物,ライト/照明,その他,2019/3/3 8:19,2019/3/3 8:19
426,インテリア・住まい・小物,寝具,布団/毛布,2019/3/3 8:19,2019/3/3 8:19
427,インテリア・住まい・小物,寝具,枕,2019/3/3 8:19,2019/3/3 8:19
428,インテリア・住まい・小物,寝具,シーツ/カバー,2019/3/3 8:19,2019/3/3 8:19
429,インテリア・住まい・小物,寝具,その他,2019/3/3 8:19,2019/3/3 8:19
430,インテリア・住まい・小物,インテリア小物,ごみ箱,2019/3/3 8:19,2019/3/3 8:19
431,インテリア・住まい・小物,インテリア小物,ウェルカムボード,2019/3/3 8:19,2019/3/3 8:19
432,インテリア・住まい・小物,インテリア小物,オルゴール,2019/3/3 8:19,2019/3/3 8:19
433,インテリア・住まい・小物,インテリア小物,クッション,2019/3/3 8:19,2019/3/3 8:19
434,インテリア・住まい・小物,インテリア小物,クッションカバー,2019/3/3 8:19,2019/3/3 8:19
435,インテリア・住まい・小物,インテリア小物,スリッパラック,2019/3/3 8:19,2019/3/3 8:19
436,インテリア・住まい・小物,インテリア小物,ティッシュボックス,2019/3/3 8:19,2019/3/3 8:19
437,インテリア・住まい・小物,インテリア小物,バスケット/かご,2019/3/3 8:19,2019/3/3 8:19
438,インテリア・住まい・小物,インテリア小物,フォトフレーム,2019/3/3 8:19,2019/3/3 8:19
439,インテリア・住まい・小物,インテリア小物,マガジンラック,2019/3/3 8:19,2019/3/3 8:19
440,インテリア・住まい・小物,インテリア小物,モビール,2019/3/3 8:19,2019/3/3 8:19
441,インテリア・住まい・小物,インテリア小物,花瓶,2019/3/3 8:19,2019/3/3 8:19
442,インテリア・住まい・小物,インテリア小物,灰皿,2019/3/3 8:19,2019/3/3 8:19
443,インテリア・住まい・小物,インテリア小物,傘立て,2019/3/3 8:19,2019/3/3 8:19
444,インテリア・住まい・小物,季節/年中行事,正月,2019/3/3 8:19,2019/3/3 8:19
445,インテリア・住まい・小物,季節/年中行事,成人式,2019/3/3 8:19,2019/3/3 8:19
446,インテリア・住まい・小物,季節/年中行事,バレンタインデー,2019/3/3 8:19,2019/3/3 8:19
447,インテリア・住まい・小物,季節/年中行事,ひな祭り,2019/3/3 8:19,2019/3/3 8:19
448,インテリア・住まい・小物,季節/年中行事,子どもの日,2019/3/3 8:19,2019/3/3 8:19
449,インテリア・住まい・小物,季節/年中行事,母の日,2019/3/3 8:19,2019/3/3 8:19
450,インテリア・住まい・小物,季節/年中行事,父の日,2019/3/3 8:19,2019/3/3 8:19
451,インテリア・住まい・小物,季節/年中行事,サマーギフト/お中元,2019/3/3 8:19,2019/3/3 8:19
452,インテリア・住まい・小物,季節/年中行事,夏/夏休み,2019/3/3 8:19,2019/3/3 8:19
453,インテリア・住まい・小物,季節/年中行事,ハロウィン,2019/3/3 8:19,2019/3/3 8:19
454,インテリア・住まい・小物,季節/年中行事,敬老の日,2019/3/3 8:19,2019/3/3 8:19
455,インテリア・住まい・小物,季節/年中行事,七五三,2019/3/3 8:19,2019/3/3 8:19
456,インテリア・住まい・小物,季節/年中行事,お歳暮,2019/3/3 8:19,2019/3/3 8:19
457,インテリア・住まい・小物,季節/年中行事,クリスマス,2019/3/3 8:19,2019/3/3 8:19
458,本・音楽・ゲーム,本,文学/小説,2019/3/3 8:19,2019/3/3 8:19
459,本・音楽・ゲーム,本,人文/社会,2019/3/3 8:19,2019/3/3 8:19
460,本・音楽・ゲーム,本,ノンフィクション/教養,2019/3/3 8:19,2019/3/3 8:19
461,本・音楽・ゲーム,本,地図/旅行ガイド,2019/3/3 8:19,2019/3/3 8:19
462,本・音楽・ゲーム,本,ビジネス/経済,2019/3/3 8:19,2019/3/3 8:19
463,本・音楽・ゲーム,本,健康/医学,2019/3/3 8:19,2019/3/3 8:19
464,本・音楽・ゲーム,本,コンピュータ/IT,2019/3/3 8:19,2019/3/3 8:19
465,本・音楽・ゲーム,本,趣味/スポーツ/実用,2019/3/3 8:19,2019/3/3 8:19
466,本・音楽・ゲーム,本,住まい/暮らし/子育て,2019/3/3 8:19,2019/3/3 8:19
467,本・音楽・ゲーム,本,アート/エンタメ,2019/3/3 8:19,2019/3/3 8:19
468,本・音楽・ゲーム,本,洋書,2019/3/3 8:19,2019/3/3 8:19
469,本・音楽・ゲーム,本,絵本,2019/3/3 8:19,2019/3/3 8:19
470,本・音楽・ゲーム,本,参考書,2019/3/3 8:19,2019/3/3 8:19
471,本・音楽・ゲーム,本,その他,2019/3/3 8:19,2019/3/3 8:19
472,本・音楽・ゲーム,漫画,全巻セット,2019/3/3 8:19,2019/3/3 8:19
473,本・音楽・ゲーム,漫画,少年漫画,2019/3/3 8:19,2019/3/3 8:19
474,本・音楽・ゲーム,漫画,少女漫画,2019/3/3 8:19,2019/3/3 8:19
475,本・音楽・ゲーム,漫画,青年漫画,2019/3/3 8:19,2019/3/3 8:19
476,本・音楽・ゲーム,漫画,女性漫画,2019/3/3 8:19,2019/3/3 8:19
477,本・音楽・ゲーム,漫画,同人誌,2019/3/3 8:19,2019/3/3 8:19
478,本・音楽・ゲーム,漫画,その他,2019/3/3 8:19,2019/3/3 8:19
479,本・音楽・ゲーム,雑誌,アート/エンタメ/ホビー,2019/3/3 8:19,2019/3/3 8:19
480,本・音楽・ゲーム,雑誌,ファッション,2019/3/3 8:19,2019/3/3 8:19
481,本・音楽・ゲーム,雑誌,ニュース/総合,2019/3/3 8:19,2019/3/3 8:19
482,本・音楽・ゲーム,雑誌,趣味/スポーツ,2019/3/3 8:19,2019/3/3 8:19
483,本・音楽・ゲーム,雑誌,その他,2019/3/3 8:19,2019/3/3 8:19
484,本・音楽・ゲーム,CD,邦楽,2019/3/3 8:19,2019/3/3 8:19
485,本・音楽・ゲーム,CD,洋楽,2019/3/3 8:19,2019/3/3 8:19
486,本・音楽・ゲーム,CD,アニメ,2019/3/3 8:19,2019/3/3 8:19
487,本・音楽・ゲーム,CD,クラシック,2019/3/3 8:19,2019/3/3 8:19
488,本・音楽・ゲーム,CD,K-POP/アジア,2019/3/3 8:19,2019/3/3 8:19
489,本・音楽・ゲーム,CD,キッズ/ファミリー,2019/3/3 8:19,2019/3/3 8:19
490,本・音楽・ゲーム,CD,その他,2019/3/3 8:19,2019/3/3 8:19
491,本・音楽・ゲーム,DVD/ブルーレイ,外国映画,2019/3/3 8:19,2019/3/3 8:19
492,本・音楽・ゲーム,DVD/ブルーレイ,日本映画,2019/3/3 8:19,2019/3/3 8:19
493,本・音楽・ゲーム,DVD/ブルーレイ,アニメ,2019/3/3 8:19,2019/3/3 8:19
494,本・音楽・ゲーム,DVD/ブルーレイ,TVドラマ,2019/3/3 8:19,2019/3/3 8:19
495,本・音楽・ゲーム,DVD/ブルーレイ,ミュージック,2019/3/3 8:19,2019/3/3 8:19
496,本・音楽・ゲーム,DVD/ブルーレイ,お笑い/バラエティ,2019/3/3 8:19,2019/3/3 8:19
497,本・音楽・ゲーム,DVD/ブルーレイ,スポーツ/フィットネス,2019/3/3 8:19,2019/3/3 8:19
498,本・音楽・ゲーム,DVD/ブルーレイ,キッズ/ファミリー,2019/3/3 8:19,2019/3/3 8:19
499,本・音楽・ゲーム,DVD/ブルーレイ,その他,2019/3/3 8:19,2019/3/3 8:19
500,本・音楽・ゲーム,レコード,邦楽,2019/3/3 8:19,2019/3/3 8:19
501,本・音楽・ゲーム,レコード,洋楽,2019/3/3 8:19,2019/3/3 8:19
502,本・音楽・ゲーム,レコード,その他,2019/3/3 8:19,2019/3/3 8:19
503,本・音楽・ゲーム,テレビゲーム,家庭用ゲーム本体,2019/3/3 8:19,2019/3/3 8:19
504,本・音楽・ゲーム,テレビゲーム,家庭用ゲームソフト,2019/3/3 8:19,2019/3/3 8:19
505,本・音楽・ゲーム,テレビゲーム,携帯用ゲーム本体,2019/3/3 8:19,2019/3/3 8:19
506,本・音楽・ゲーム,テレビゲーム,携帯用ゲームソフト,2019/3/3 8:19,2019/3/3 8:19
507,本・音楽・ゲーム,テレビゲーム,PCゲーム,2019/3/3 8:19,2019/3/3 8:19
508,本・音楽・ゲーム,テレビゲーム,その他,2019/3/3 8:19,2019/3/3 8:19
509,おもちゃ・ホビー・グッズ,おもちゃ,キャラクターグッズ,2019/3/3 8:19,2019/3/3 8:19
510,おもちゃ・ホビー・グッズ,おもちゃ,ぬいぐるみ,2019/3/3 8:19,2019/3/3 8:19
511,おもちゃ・ホビー・グッズ,おもちゃ,小物/アクセサリー,2019/3/3 8:19,2019/3/3 8:19
512,おもちゃ・ホビー・グッズ,おもちゃ,模型/プラモデル,2019/3/3 8:19,2019/3/3 8:19
513,おもちゃ・ホビー・グッズ,おもちゃ,ミニカー,2019/3/3 8:19,2019/3/3 8:19
514,おもちゃ・ホビー・グッズ,おもちゃ,トイラジコン,2019/3/3 8:19,2019/3/3 8:19
515,おもちゃ・ホビー・グッズ,おもちゃ,プラモデル,2019/3/3 8:19,2019/3/3 8:19
516,おもちゃ・ホビー・グッズ,おもちゃ,ホビーラジコン,2019/3/3 8:19,2019/3/3 8:19
517,おもちゃ・ホビー・グッズ,おもちゃ,鉄道模型,2019/3/3 8:19,2019/3/3 8:19
518,おもちゃ・ホビー・グッズ,おもちゃ,その他,2019/3/3 8:19,2019/3/3 8:19
519,おもちゃ・ホビー・グッズ,タレントグッズ,アイドル,2019/3/3 8:19,2019/3/3 8:19
520,おもちゃ・ホビー・グッズ,タレントグッズ,ミュージシャン,2019/3/3 8:19,2019/3/3 8:19
521,おもちゃ・ホビー・グッズ,タレントグッズ,タレント/お笑い芸人,2019/3/3 8:19,2019/3/3 8:19
522,おもちゃ・ホビー・グッズ,タレントグッズ,スポーツ選手,2019/3/3 8:19,2019/3/3 8:19
523,おもちゃ・ホビー・グッズ,タレントグッズ,その他,2019/3/3 8:19,2019/3/3 8:19
524,おもちゃ・ホビー・グッズ,コミック/アニメグッズ,ストラップ,2019/3/3 8:19,2019/3/3 8:19
525,おもちゃ・ホビー・グッズ,コミック/アニメグッズ,キーホルダー,2019/3/3 8:19,2019/3/3 8:19
526,おもちゃ・ホビー・グッズ,コミック/アニメグッズ,バッジ,2019/3/3 8:19,2019/3/3 8:19
527,おもちゃ・ホビー・グッズ,コミック/アニメグッズ,カード,2019/3/3 8:19,2019/3/3 8:19
528,おもちゃ・ホビー・グッズ,コミック/アニメグッズ,クリアファイル,2019/3/3 8:19,2019/3/3 8:19
529,おもちゃ・ホビー・グッズ,コミック/アニメグッズ,ポスター,2019/3/3 8:19,2019/3/3 8:19
530,おもちゃ・ホビー・グッズ,コミック/アニメグッズ,タオル,2019/3/3 8:19,2019/3/3 8:19
531,おもちゃ・ホビー・グッズ,コミック/アニメグッズ,その他,2019/3/3 8:19,2019/3/3 8:19
532,おもちゃ・ホビー・グッズ,トレーディングカード,遊戯王,2019/3/3 8:19,2019/3/3 8:19
533,おもちゃ・ホビー・グッズ,トレーディングカード,マジック：ザ・ギャザリング,2019/3/3 8:19,2019/3/3 8:19
534,おもちゃ・ホビー・グッズ,トレーディングカード,ポケモンカードゲーム,2019/3/3 8:19,2019/3/3 8:19
535,おもちゃ・ホビー・グッズ,トレーディングカード,デュエルマスターズ,2019/3/3 8:19,2019/3/3 8:19
536,おもちゃ・ホビー・グッズ,トレーディングカード,バトルスピリッツ,2019/3/3 8:19,2019/3/3 8:19
537,おもちゃ・ホビー・グッズ,トレーディングカード,プリパラ,2019/3/3 8:19,2019/3/3 8:19
538,おもちゃ・ホビー・グッズ,トレーディングカード,アイカツ,2019/3/3 8:19,2019/3/3 8:19
539,おもちゃ・ホビー・グッズ,トレーディングカード,カードファイト!! ヴァンガード,2019/3/3 8:19,2019/3/3 8:19
540,おもちゃ・ホビー・グッズ,トレーディングカード,ヴァイスシュヴァルツ,2019/3/3 8:19,2019/3/3 8:19
541,おもちゃ・ホビー・グッズ,トレーディングカード,プロ野球オーナーズリーグ,2019/3/3 8:19,2019/3/3 8:19
542,おもちゃ・ホビー・グッズ,トレーディングカード,ベースボールヒーローズ,2019/3/3 8:19,2019/3/3 8:19
543,おもちゃ・ホビー・グッズ,トレーディングカード,ドラゴンボール,2019/3/3 8:19,2019/3/3 8:19
544,おもちゃ・ホビー・グッズ,トレーディングカード,スリーブ,2019/3/3 8:19,2019/3/3 8:19
545,おもちゃ・ホビー・グッズ,トレーディングカード,その他,2019/3/3 8:19,2019/3/3 8:19
546,おもちゃ・ホビー・グッズ,フィギュア,コミック/アニメ,2019/3/3 8:19,2019/3/3 8:19
547,おもちゃ・ホビー・グッズ,フィギュア,特撮,2019/3/3 8:19,2019/3/3 8:19
548,おもちゃ・ホビー・グッズ,フィギュア,ゲームキャラクター,2019/3/3 8:19,2019/3/3 8:19
549,おもちゃ・ホビー・グッズ,フィギュア,SF/ファンタジー/ホラー,2019/3/3 8:19,2019/3/3 8:19
550,おもちゃ・ホビー・グッズ,フィギュア,アメコミ,2019/3/3 8:19,2019/3/3 8:19
551,おもちゃ・ホビー・グッズ,フィギュア,スポーツ,2019/3/3 8:19,2019/3/3 8:19
552,おもちゃ・ホビー・グッズ,フィギュア,ミリタリー,2019/3/3 8:19,2019/3/3 8:19
553,おもちゃ・ホビー・グッズ,フィギュア,その他,2019/3/3 8:19,2019/3/3 8:19
554,おもちゃ・ホビー・グッズ,楽器/器材,エレキギター,2019/3/3 8:19,2019/3/3 8:19
555,おもちゃ・ホビー・グッズ,楽器/器材,アコースティックギター,2019/3/3 8:19,2019/3/3 8:19
556,おもちゃ・ホビー・グッズ,楽器/器材,ベース,2019/3/3 8:19,2019/3/3 8:19
557,おもちゃ・ホビー・グッズ,楽器/器材,エフェクター,2019/3/3 8:19,2019/3/3 8:19
558,おもちゃ・ホビー・グッズ,楽器/器材,アンプ,2019/3/3 8:19,2019/3/3 8:19
559,おもちゃ・ホビー・グッズ,楽器/器材,弦楽器,2019/3/3 8:19,2019/3/3 8:19
560,おもちゃ・ホビー・グッズ,楽器/器材,管楽器,2019/3/3 8:19,2019/3/3 8:19
561,おもちゃ・ホビー・グッズ,楽器/器材,鍵盤楽器,2019/3/3 8:19,2019/3/3 8:19
562,おもちゃ・ホビー・グッズ,楽器/器材,打楽器,2019/3/3 8:19,2019/3/3 8:19
563,おもちゃ・ホビー・グッズ,楽器/器材,和楽器,2019/3/3 8:19,2019/3/3 8:19
564,おもちゃ・ホビー・グッズ,楽器/器材,楽譜/スコア,2019/3/3 8:19,2019/3/3 8:19
565,おもちゃ・ホビー・グッズ,楽器/器材,レコーディング/PA機器,2019/3/3 8:19,2019/3/3 8:19
566,おもちゃ・ホビー・グッズ,楽器/器材,DJ機器,2019/3/3 8:19,2019/3/3 8:19
567,おもちゃ・ホビー・グッズ,楽器/器材,DTM/DAW,2019/3/3 8:19,2019/3/3 8:19
568,おもちゃ・ホビー・グッズ,コレクション,武具,2019/3/3 8:19,2019/3/3 8:19
569,おもちゃ・ホビー・グッズ,コレクション,使用済切手/官製はがき,2019/3/3 8:19,2019/3/3 8:19
570,おもちゃ・ホビー・グッズ,コレクション,旧貨幣/金貨/銀貨/記念硬貨,2019/3/3 8:19,2019/3/3 8:19
571,おもちゃ・ホビー・グッズ,コレクション,印刷物,2019/3/3 8:19,2019/3/3 8:19
572,おもちゃ・ホビー・グッズ,コレクション,ノベルティグッズ,2019/3/3 8:19,2019/3/3 8:19
573,おもちゃ・ホビー・グッズ,コレクション,その他,2019/3/3 8:19,2019/3/3 8:19
574,おもちゃ・ホビー・グッズ,ミリタリー,トイガン,2019/3/3 8:19,2019/3/3 8:19
575,おもちゃ・ホビー・グッズ,ミリタリー,個人装備,2019/3/3 8:19,2019/3/3 8:19
576,おもちゃ・ホビー・グッズ,ミリタリー,その他,2019/3/3 8:19,2019/3/3 8:19
577,おもちゃ・ホビー・グッズ,美術品,陶芸,2019/3/3 8:19,2019/3/3 8:19
578,おもちゃ・ホビー・グッズ,美術品,ガラス,2019/3/3 8:19,2019/3/3 8:19
579,おもちゃ・ホビー・グッズ,美術品,漆芸,2019/3/3 8:19,2019/3/3 8:19
580,おもちゃ・ホビー・グッズ,美術品,金属工芸,2019/3/3 8:19,2019/3/3 8:19
581,おもちゃ・ホビー・グッズ,美術品,絵画/タペストリ,2019/3/3 8:19,2019/3/3 8:19
582,おもちゃ・ホビー・グッズ,美術品,版画,2019/3/3 8:19,2019/3/3 8:19
583,おもちゃ・ホビー・グッズ,美術品,彫刻/オブジェクト,2019/3/3 8:19,2019/3/3 8:19
584,おもちゃ・ホビー・グッズ,美術品,書,2019/3/3 8:19,2019/3/3 8:19
585,おもちゃ・ホビー・グッズ,美術品,写真,2019/3/3 8:19,2019/3/3 8:19
586,おもちゃ・ホビー・グッズ,美術品,その他,2019/3/3 8:19,2019/3/3 8:19
587,おもちゃ・ホビー・グッズ,アート用品,画材,2019/3/3 8:19,2019/3/3 8:19
588,おもちゃ・ホビー・グッズ,アート用品,額縁,2019/3/3 8:19,2019/3/3 8:19
589,おもちゃ・ホビー・グッズ,アート用品,その他,2019/3/3 8:19,2019/3/3 8:19
590,おもちゃ・ホビー・グッズ,その他,トランプ/UNO,2019/3/3 8:19,2019/3/3 8:19
591,おもちゃ・ホビー・グッズ,その他,カルタ/百人一首,2019/3/3 8:19,2019/3/3 8:19
592,おもちゃ・ホビー・グッズ,その他,ダーツ,2019/3/3 8:19,2019/3/3 8:19
593,おもちゃ・ホビー・グッズ,その他,ビリヤード,2019/3/3 8:19,2019/3/3 8:19
594,おもちゃ・ホビー・グッズ,その他,麻雀,2019/3/3 8:19,2019/3/3 8:19
595,おもちゃ・ホビー・グッズ,その他,パズル/ジグソーパズル,2019/3/3 8:19,2019/3/3 8:19
596,おもちゃ・ホビー・グッズ,その他,囲碁/将棋,2019/3/3 8:19,2019/3/3 8:19
597,おもちゃ・ホビー・グッズ,その他,オセロ/チェス,2019/3/3 8:19,2019/3/3 8:19
598,おもちゃ・ホビー・グッズ,その他,人生ゲーム,2019/3/3 8:19,2019/3/3 8:19
599,おもちゃ・ホビー・グッズ,その他,野球/サッカーゲーム,2019/3/3 8:19,2019/3/3 8:19
600,おもちゃ・ホビー・グッズ,その他,スポーツ,2019/3/3 8:19,2019/3/3 8:19
601,おもちゃ・ホビー・グッズ,その他,三輪車/乗り物,2019/3/3 8:19,2019/3/3 8:19
602,おもちゃ・ホビー・グッズ,その他,ヨーヨー,2019/3/3 8:19,2019/3/3 8:19
603,おもちゃ・ホビー・グッズ,その他,模型製作用品,2019/3/3 8:19,2019/3/3 8:19
604,コスメ・香水・美容,ベースメイク,ファンデーション,2019/3/3 8:19,2019/3/3 8:19
605,コスメ・香水・美容,ベースメイク,化粧下地,2019/3/3 8:19,2019/3/3 8:19
606,コスメ・香水・美容,ベースメイク,コントロールカラー,2019/3/3 8:19,2019/3/3 8:19
607,コスメ・香水・美容,ベースメイク,BBクリーム,2019/3/3 8:19,2019/3/3 8:19
608,コスメ・香水・美容,ベースメイク,CCクリーム,2019/3/3 8:19,2019/3/3 8:19
609,コスメ・香水・美容,ベースメイク,コンシーラー,2019/3/3 8:19,2019/3/3 8:19
610,コスメ・香水・美容,ベースメイク,フェイスパウダー,2019/3/3 8:19,2019/3/3 8:19
611,コスメ・香水・美容,ベースメイク,トライアルセット/サンプル,2019/3/3 8:19,2019/3/3 8:19
612,コスメ・香水・美容,ベースメイク,その他,2019/3/3 8:19,2019/3/3 8:19
613,コスメ・香水・美容,メイクアップ,アイシャドウ,2019/3/3 8:19,2019/3/3 8:19
614,コスメ・香水・美容,メイクアップ,口紅,2019/3/3 8:19,2019/3/3 8:19
615,コスメ・香水・美容,メイクアップ,リップグロス,2019/3/3 8:19,2019/3/3 8:19
616,コスメ・香水・美容,メイクアップ,リップライナー,2019/3/3 8:19,2019/3/3 8:19
617,コスメ・香水・美容,メイクアップ,チーク,2019/3/3 8:19,2019/3/3 8:19
618,コスメ・香水・美容,メイクアップ,フェイスカラー,2019/3/3 8:19,2019/3/3 8:19
619,コスメ・香水・美容,メイクアップ,マスカラ,2019/3/3 8:19,2019/3/3 8:19
620,コスメ・香水・美容,メイクアップ,アイライナー,2019/3/3 8:19,2019/3/3 8:19
621,コスメ・香水・美容,メイクアップ,つけまつげ,2019/3/3 8:19,2019/3/3 8:19
622,コスメ・香水・美容,メイクアップ,アイブロウペンシル,2019/3/3 8:19,2019/3/3 8:19
623,コスメ・香水・美容,メイクアップ,パウダーアイブロウ,2019/3/3 8:19,2019/3/3 8:19
624,コスメ・香水・美容,メイクアップ,眉マスカラ,2019/3/3 8:19,2019/3/3 8:19
625,コスメ・香水・美容,メイクアップ,トライアルセット/サンプル,2019/3/3 8:19,2019/3/3 8:19
626,コスメ・香水・美容,メイクアップ,メイク道具/化粧小物,2019/3/3 8:19,2019/3/3 8:19
627,コスメ・香水・美容,ネイルケア,ネイルカラー,2019/3/3 8:19,2019/3/3 8:19
628,コスメ・香水・美容,ネイルケア,カラージェル,2019/3/3 8:19,2019/3/3 8:19
629,コスメ・香水・美容,ネイルケア,ネイルベースコート/トップコート,2019/3/3 8:19,2019/3/3 8:19
630,コスメ・香水・美容,ネイルケア,ネイルアート用品,2019/3/3 8:19,2019/3/3 8:19
631,コスメ・香水・美容,ネイルケア,ネイルパーツ,2019/3/3 8:19,2019/3/3 8:19
632,コスメ・香水・美容,ネイルケア,ネイルチップ/付け爪,2019/3/3 8:19,2019/3/3 8:19
633,コスメ・香水・美容,ネイルケア,手入れ用具,2019/3/3 8:19,2019/3/3 8:19
634,コスメ・香水・美容,ネイルケア,除光液,2019/3/3 8:19,2019/3/3 8:19
635,コスメ・香水・美容,ネイルケア,その他,2019/3/3 8:19,2019/3/3 8:19
636,コスメ・香水・美容,香水,香水(女性用),2019/3/3 8:19,2019/3/3 8:19
637,コスメ・香水・美容,香水,香水(男性用),2019/3/3 8:19,2019/3/3 8:19
638,コスメ・香水・美容,香水,ユニセックス,2019/3/3 8:19,2019/3/3 8:19
639,コスメ・香水・美容,香水,ボディミスト,2019/3/3 8:19,2019/3/3 8:19
640,コスメ・香水・美容,香水,その他,2019/3/3 8:19,2019/3/3 8:19
641,コスメ・香水・美容,スキンケア/基礎化粧品,化粧水/ローション,2019/3/3 8:19,2019/3/3 8:19
642,コスメ・香水・美容,スキンケア/基礎化粧品,乳液/ミルク,2019/3/3 8:19,2019/3/3 8:19
643,コスメ・香水・美容,スキンケア/基礎化粧品,美容液,2019/3/3 8:19,2019/3/3 8:19
644,コスメ・香水・美容,スキンケア/基礎化粧品,フェイスクリーム,2019/3/3 8:19,2019/3/3 8:19
645,コスメ・香水・美容,スキンケア/基礎化粧品,洗顔料,2019/3/3 8:19,2019/3/3 8:19
646,コスメ・香水・美容,スキンケア/基礎化粧品,クレンジング/メイク落とし,2019/3/3 8:19,2019/3/3 8:19
647,コスメ・香水・美容,スキンケア/基礎化粧品,パック/フェイスマスク,2019/3/3 8:19,2019/3/3 8:19
648,コスメ・香水・美容,スキンケア/基礎化粧品,ジェル/ゲル,2019/3/3 8:19,2019/3/3 8:19
649,コスメ・香水・美容,スキンケア/基礎化粧品,ブースター/導入液,2019/3/3 8:19,2019/3/3 8:19
650,コスメ・香水・美容,スキンケア/基礎化粧品,アイケア,2019/3/3 8:19,2019/3/3 8:19
651,コスメ・香水・美容,スキンケア/基礎化粧品,リップケア,2019/3/3 8:19,2019/3/3 8:19
652,コスメ・香水・美容,スキンケア/基礎化粧品,トライアルセット/サンプル,2019/3/3 8:19,2019/3/3 8:19
653,コスメ・香水・美容,スキンケア/基礎化粧品,洗顔グッズ,2019/3/3 8:19,2019/3/3 8:19
654,コスメ・香水・美容,スキンケア/基礎化粧品,その他,2019/3/3 8:19,2019/3/3 8:19
655,コスメ・香水・美容,ヘアケア,シャンプー,2019/3/3 8:19,2019/3/3 8:19
656,コスメ・香水・美容,ヘアケア,トリートメント,2019/3/3 8:19,2019/3/3 8:19
657,コスメ・香水・美容,ヘアケア,コンディショナー,2019/3/3 8:19,2019/3/3 8:19
658,コスメ・香水・美容,ヘアケア,リンス,2019/3/3 8:19,2019/3/3 8:19
659,コスメ・香水・美容,ヘアケア,スタイリング剤,2019/3/3 8:19,2019/3/3 8:19
660,コスメ・香水・美容,ヘアケア,カラーリング剤,2019/3/3 8:19,2019/3/3 8:19
661,コスメ・香水・美容,ヘアケア,ブラシ,2019/3/3 8:19,2019/3/3 8:19
662,コスメ・香水・美容,ヘアケア,その他,2019/3/3 8:19,2019/3/3 8:19
663,コスメ・香水・美容,ボディケア,オイル/クリーム,2019/3/3 8:19,2019/3/3 8:19
664,コスメ・香水・美容,ボディケア,ハンドクリーム,2019/3/3 8:19,2019/3/3 8:19
665,コスメ・香水・美容,ボディケア,ローション,2019/3/3 8:19,2019/3/3 8:19
666,コスメ・香水・美容,ボディケア,日焼け止め/サンオイル,2019/3/3 8:19,2019/3/3 8:19
667,コスメ・香水・美容,ボディケア,ボディソープ,2019/3/3 8:19,2019/3/3 8:19
668,コスメ・香水・美容,ボディケア,入浴剤,2019/3/3 8:19,2019/3/3 8:19
669,コスメ・香水・美容,ボディケア,制汗/デオドラント,2019/3/3 8:19,2019/3/3 8:19
670,コスメ・香水・美容,ボディケア,フットケア,2019/3/3 8:19,2019/3/3 8:19
671,コスメ・香水・美容,ボディケア,その他,2019/3/3 8:19,2019/3/3 8:19
672,コスメ・香水・美容,オーラルケア,口臭防止/エチケット用品,2019/3/3 8:19,2019/3/3 8:19
673,コスメ・香水・美容,オーラルケア,歯ブラシ,2019/3/3 8:19,2019/3/3 8:19
674,コスメ・香水・美容,オーラルケア,その他,2019/3/3 8:19,2019/3/3 8:19
675,コスメ・香水・美容,リラクゼーション,エッセンシャルオイル,2019/3/3 8:19,2019/3/3 8:19
676,コスメ・香水・美容,リラクゼーション,芳香器,2019/3/3 8:19,2019/3/3 8:19
677,コスメ・香水・美容,リラクゼーション,お香/香炉,2019/3/3 8:19,2019/3/3 8:19
678,コスメ・香水・美容,リラクゼーション,キャンドル,2019/3/3 8:19,2019/3/3 8:19
679,コスメ・香水・美容,リラクゼーション,リラクゼーショングッズ,2019/3/3 8:19,2019/3/3 8:19
680,コスメ・香水・美容,リラクゼーション,その他,2019/3/3 8:19,2019/3/3 8:19
681,コスメ・香水・美容,ダイエット,ダイエット食品,2019/3/3 8:19,2019/3/3 8:19
682,コスメ・香水・美容,ダイエット,エクササイズ用品,2019/3/3 8:19,2019/3/3 8:19
683,コスメ・香水・美容,ダイエット,体重計,2019/3/3 8:19,2019/3/3 8:19
684,コスメ・香水・美容,ダイエット,体脂肪計,2019/3/3 8:19,2019/3/3 8:19
685,コスメ・香水・美容,ダイエット,その他,2019/3/3 8:19,2019/3/3 8:19
686,コスメ・香水・美容,その他,健康用品,2019/3/3 8:19,2019/3/3 8:19
687,コスメ・香水・美容,その他,看護/介護用品,2019/3/3 8:19,2019/3/3 8:19
688,コスメ・香水・美容,その他,救急/衛生用品,2019/3/3 8:19,2019/3/3 8:19
689,コスメ・香水・美容,その他,その他,2019/3/3 8:19,2019/3/3 8:19
690,家電・スマホ・カメラ,スマートフォン/携帯電話,スマートフォン本体,2019/3/3 8:19,2019/3/3 8:19
691,家電・スマホ・カメラ,スマートフォン/携帯電話,バッテリー/充電器,2019/3/3 8:19,2019/3/3 8:19
692,家電・スマホ・カメラ,スマートフォン/携帯電話,携帯電話本体,2019/3/3 8:19,2019/3/3 8:19
693,家電・スマホ・カメラ,スマートフォン/携帯電話,PHS本体,2019/3/3 8:19,2019/3/3 8:19
694,家電・スマホ・カメラ,スマートフォン/携帯電話,その他,2019/3/3 8:19,2019/3/3 8:19
695,家電・スマホ・カメラ,スマホアクセサリー,Android用ケース,2019/3/3 8:19,2019/3/3 8:19
696,家電・スマホ・カメラ,スマホアクセサリー,iPhone用ケース,2019/3/3 8:19,2019/3/3 8:19
697,家電・スマホ・カメラ,スマホアクセサリー,カバー,2019/3/3 8:19,2019/3/3 8:19
698,家電・スマホ・カメラ,スマホアクセサリー,イヤホンジャック,2019/3/3 8:19,2019/3/3 8:19
699,家電・スマホ・カメラ,スマホアクセサリー,ストラップ,2019/3/3 8:19,2019/3/3 8:19
700,家電・スマホ・カメラ,スマホアクセサリー,フィルム,2019/3/3 8:19,2019/3/3 8:19
701,家電・スマホ・カメラ,スマホアクセサリー,自撮り棒,2019/3/3 8:19,2019/3/3 8:19
702,家電・スマホ・カメラ,スマホアクセサリー,その他,2019/3/3 8:19,2019/3/3 8:19
703,家電・スマホ・カメラ,PC/タブレット,タブレット,2019/3/3 8:19,2019/3/3 8:19
704,家電・スマホ・カメラ,PC/タブレット,ノートPC,2019/3/3 8:19,2019/3/3 8:19
705,家電・スマホ・カメラ,PC/タブレット,デスクトップ型PC,2019/3/3 8:19,2019/3/3 8:19
706,家電・スマホ・カメラ,PC/タブレット,ディスプレイ,2019/3/3 8:19,2019/3/3 8:19
707,家電・スマホ・カメラ,PC/タブレット,電子ブックリーダー,2019/3/3 8:19,2019/3/3 8:19
708,家電・スマホ・カメラ,PC/タブレット,PC周辺機器,2019/3/3 8:19,2019/3/3 8:19
709,家電・スマホ・カメラ,PC/タブレット,PCパーツ,2019/3/3 8:19,2019/3/3 8:19
710,家電・スマホ・カメラ,PC/タブレット,その他,2019/3/3 8:19,2019/3/3 8:19
711,家電・スマホ・カメラ,カメラ,デジタルカメラ,2019/3/3 8:19,2019/3/3 8:19
712,家電・スマホ・カメラ,カメラ,ビデオカメラ,2019/3/3 8:19,2019/3/3 8:19
713,家電・スマホ・カメラ,カメラ,レンズ(単焦点),2019/3/3 8:19,2019/3/3 8:19
714,家電・スマホ・カメラ,カメラ,レンズ(ズーム),2019/3/3 8:19,2019/3/3 8:19
715,家電・スマホ・カメラ,カメラ,フィルムカメラ,2019/3/3 8:19,2019/3/3 8:19
716,家電・スマホ・カメラ,カメラ,防犯カメラ,2019/3/3 8:19,2019/3/3 8:19
717,家電・スマホ・カメラ,カメラ,その他,2019/3/3 8:19,2019/3/3 8:19
718,家電・スマホ・カメラ,テレビ/映像機器,テレビ,2019/3/3 8:19,2019/3/3 8:19
719,家電・スマホ・カメラ,テレビ/映像機器,プロジェクター,2019/3/3 8:19,2019/3/3 8:19
720,家電・スマホ・カメラ,テレビ/映像機器,ブルーレイレコーダー,2019/3/3 8:19,2019/3/3 8:19
721,家電・スマホ・カメラ,テレビ/映像機器,DVDレコーダー,2019/3/3 8:19,2019/3/3 8:19
722,家電・スマホ・カメラ,テレビ/映像機器,ブルーレイプレーヤー,2019/3/3 8:19,2019/3/3 8:19
723,家電・スマホ・カメラ,テレビ/映像機器,DVDプレーヤー,2019/3/3 8:19,2019/3/3 8:19
724,家電・スマホ・カメラ,テレビ/映像機器,映像用ケーブル,2019/3/3 8:19,2019/3/3 8:19
725,家電・スマホ・カメラ,テレビ/映像機器,その他,2019/3/3 8:19,2019/3/3 8:19
726,家電・スマホ・カメラ,オーディオ機器,ポータブルプレーヤー,2019/3/3 8:19,2019/3/3 8:19
727,家電・スマホ・カメラ,オーディオ機器,イヤフォン,2019/3/3 8:19,2019/3/3 8:19
728,家電・スマホ・カメラ,オーディオ機器,ヘッドフォン,2019/3/3 8:19,2019/3/3 8:19
729,家電・スマホ・カメラ,オーディオ機器,アンプ,2019/3/3 8:19,2019/3/3 8:19
730,家電・スマホ・カメラ,オーディオ機器,スピーカー,2019/3/3 8:19,2019/3/3 8:19
731,家電・スマホ・カメラ,オーディオ機器,ケーブル/シールド,2019/3/3 8:19,2019/3/3 8:19
732,家電・スマホ・カメラ,オーディオ機器,ラジオ,2019/3/3 8:19,2019/3/3 8:19
733,家電・スマホ・カメラ,オーディオ機器,その他,2019/3/3 8:19,2019/3/3 8:19
734,家電・スマホ・カメラ,美容/健康,ヘアドライヤー,2019/3/3 8:19,2019/3/3 8:19
735,家電・スマホ・カメラ,美容/健康,ヘアアイロン,2019/3/3 8:19,2019/3/3 8:19
736,家電・スマホ・カメラ,美容/健康,美容機器,2019/3/3 8:19,2019/3/3 8:19
737,家電・スマホ・カメラ,美容/健康,電気シェーバー,2019/3/3 8:19,2019/3/3 8:19
738,家電・スマホ・カメラ,美容/健康,電動歯ブラシ,2019/3/3 8:19,2019/3/3 8:19
739,家電・スマホ・カメラ,美容/健康,その他,2019/3/3 8:19,2019/3/3 8:19
740,家電・スマホ・カメラ,冷暖房/空調,エアコン,2019/3/3 8:19,2019/3/3 8:19
741,家電・スマホ・カメラ,冷暖房/空調,空気清浄器,2019/3/3 8:19,2019/3/3 8:19
742,家電・スマホ・カメラ,冷暖房/空調,加湿器,2019/3/3 8:19,2019/3/3 8:19
743,家電・スマホ・カメラ,冷暖房/空調,扇風機,2019/3/3 8:19,2019/3/3 8:19
744,家電・スマホ・カメラ,冷暖房/空調,除湿機,2019/3/3 8:19,2019/3/3 8:19
745,家電・スマホ・カメラ,冷暖房/空調,ファンヒーター ,2019/3/3 8:19,2019/3/3 8:19
746,家電・スマホ・カメラ,冷暖房/空調,電気ヒーター,2019/3/3 8:19,2019/3/3 8:19
747,家電・スマホ・カメラ,冷暖房/空調,オイルヒーター,2019/3/3 8:19,2019/3/3 8:19
748,家電・スマホ・カメラ,冷暖房/空調,ストーブ,2019/3/3 8:19,2019/3/3 8:19
749,家電・スマホ・カメラ,冷暖房/空調,ホットカーペット,2019/3/3 8:19,2019/3/3 8:19
750,家電・スマホ・カメラ,冷暖房/空調,こたつ,2019/3/3 8:19,2019/3/3 8:19
751,家電・スマホ・カメラ,冷暖房/空調,電気毛布,2019/3/3 8:19,2019/3/3 8:19
752,家電・スマホ・カメラ,冷暖房/空調,その他,2019/3/3 8:19,2019/3/3 8:19
753,家電・スマホ・カメラ,生活家電,冷蔵庫,2019/3/3 8:19,2019/3/3 8:19
754,家電・スマホ・カメラ,生活家電,洗濯機,2019/3/3 8:19,2019/3/3 8:19
755,家電・スマホ・カメラ,生活家電,炊飯器,2019/3/3 8:19,2019/3/3 8:19
756,家電・スマホ・カメラ,生活家電,電子レンジ/オーブン,2019/3/3 8:19,2019/3/3 8:19
757,家電・スマホ・カメラ,生活家電,調理機器,2019/3/3 8:19,2019/3/3 8:19
758,家電・スマホ・カメラ,生活家電,アイロン,2019/3/3 8:19,2019/3/3 8:19
759,家電・スマホ・カメラ,生活家電,掃除機,2019/3/3 8:19,2019/3/3 8:19
760,家電・スマホ・カメラ,生活家電,エスプレッソマシン,2019/3/3 8:19,2019/3/3 8:19
761,家電・スマホ・カメラ,生活家電,コーヒーメーカー,2019/3/3 8:19,2019/3/3 8:19
762,家電・スマホ・カメラ,生活家電,衣類乾燥機,2019/3/3 8:19,2019/3/3 8:19
763,家電・スマホ・カメラ,生活家電,その他,2019/3/3 8:19,2019/3/3 8:19
764,家電・スマホ・カメラ,その他,その他,2019/3/3 8:19,2019/3/3 8:19
765,スポーツ・レジャー,ゴルフ,クラブ,2019/3/3 8:19,2019/3/3 8:19
766,スポーツ・レジャー,ゴルフ,ウエア(男性用),2019/3/3 8:19,2019/3/3 8:19
767,スポーツ・レジャー,ゴルフ,ウエア(女性用),2019/3/3 8:19,2019/3/3 8:19
768,スポーツ・レジャー,ゴルフ,バッグ ,2019/3/3 8:19,2019/3/3 8:19
769,スポーツ・レジャー,ゴルフ,シューズ(男性用),2019/3/3 8:19,2019/3/3 8:19
770,スポーツ・レジャー,ゴルフ,シューズ(女性用),2019/3/3 8:19,2019/3/3 8:19
771,スポーツ・レジャー,ゴルフ,アクセサリー,2019/3/3 8:19,2019/3/3 8:19
772,スポーツ・レジャー,ゴルフ,その他,2019/3/3 8:19,2019/3/3 8:19
773,スポーツ・レジャー,フィッシング,ロッド,2019/3/3 8:19,2019/3/3 8:19
774,スポーツ・レジャー,フィッシング,リール,2019/3/3 8:19,2019/3/3 8:19
775,スポーツ・レジャー,フィッシング,ルアー用品,2019/3/3 8:19,2019/3/3 8:19
776,スポーツ・レジャー,フィッシング,ウエア,2019/3/3 8:19,2019/3/3 8:19
777,スポーツ・レジャー,フィッシング,釣り糸/ライン,2019/3/3 8:19,2019/3/3 8:19
778,スポーツ・レジャー,フィッシング,その他,2019/3/3 8:19,2019/3/3 8:19
779,スポーツ・レジャー,自転車,自転車本体,2019/3/3 8:19,2019/3/3 8:19
780,スポーツ・レジャー,自転車,ウエア,2019/3/3 8:19,2019/3/3 8:19
781,スポーツ・レジャー,自転車,パーツ,2019/3/3 8:19,2019/3/3 8:19
782,スポーツ・レジャー,自転車,アクセサリー,2019/3/3 8:19,2019/3/3 8:19
783,スポーツ・レジャー,自転車,バッグ,2019/3/3 8:19,2019/3/3 8:19
784,スポーツ・レジャー,自転車,工具/メンテナンス,2019/3/3 8:19,2019/3/3 8:19
785,スポーツ・レジャー,自転車,その他,2019/3/3 8:19,2019/3/3 8:19
786,スポーツ・レジャー,トレーニング/エクササイズ,ランニング,2019/3/3 8:19,2019/3/3 8:19
787,スポーツ・レジャー,トレーニング/エクササイズ,ウォーキング,2019/3/3 8:19,2019/3/3 8:19
788,スポーツ・レジャー,トレーニング/エクササイズ,ヨガ,2019/3/3 8:19,2019/3/3 8:19
789,スポーツ・レジャー,トレーニング/エクササイズ,トレーニング用品,2019/3/3 8:19,2019/3/3 8:19
790,スポーツ・レジャー,トレーニング/エクササイズ,その他,2019/3/3 8:19,2019/3/3 8:19
791,スポーツ・レジャー,野球,ウェア,2019/3/3 8:19,2019/3/3 8:19
792,スポーツ・レジャー,野球,シューズ,2019/3/3 8:19,2019/3/3 8:19
793,スポーツ・レジャー,野球,グローブ,2019/3/3 8:19,2019/3/3 8:19
794,スポーツ・レジャー,野球,バット,2019/3/3 8:19,2019/3/3 8:19
795,スポーツ・レジャー,野球,アクセサリー,2019/3/3 8:19,2019/3/3 8:19
796,スポーツ・レジャー,野球,防具,2019/3/3 8:19,2019/3/3 8:19
797,スポーツ・レジャー,野球,練習機器,2019/3/3 8:19,2019/3/3 8:19
798,スポーツ・レジャー,野球,記念グッズ,2019/3/3 8:19,2019/3/3 8:19
799,スポーツ・レジャー,野球,応援グッズ,2019/3/3 8:19,2019/3/3 8:19
800,スポーツ・レジャー,野球,その他,2019/3/3 8:19,2019/3/3 8:19
801,スポーツ・レジャー,サッカー/フットサル,ウェア,2019/3/3 8:19,2019/3/3 8:19
802,スポーツ・レジャー,サッカー/フットサル,シューズ,2019/3/3 8:19,2019/3/3 8:19
803,スポーツ・レジャー,サッカー/フットサル,ボール,2019/3/3 8:19,2019/3/3 8:19
804,スポーツ・レジャー,サッカー/フットサル,アクセサリー,2019/3/3 8:19,2019/3/3 8:19
805,スポーツ・レジャー,サッカー/フットサル,記念グッズ,2019/3/3 8:19,2019/3/3 8:19
806,スポーツ・レジャー,サッカー/フットサル,応援グッズ,2019/3/3 8:19,2019/3/3 8:19
807,スポーツ・レジャー,サッカー/フットサル,その他,2019/3/3 8:19,2019/3/3 8:19
808,スポーツ・レジャー,テニス,ラケット(硬式用),2019/3/3 8:19,2019/3/3 8:19
809,スポーツ・レジャー,テニス,ラケット(軟式用),2019/3/3 8:19,2019/3/3 8:19
810,スポーツ・レジャー,テニス,ウェア,2019/3/3 8:19,2019/3/3 8:19
811,スポーツ・レジャー,テニス,シューズ,2019/3/3 8:19,2019/3/3 8:19
812,スポーツ・レジャー,テニス,ボール,2019/3/3 8:19,2019/3/3 8:19
813,スポーツ・レジャー,テニス,アクセサリー,2019/3/3 8:19,2019/3/3 8:19
814,スポーツ・レジャー,テニス,記念グッズ,2019/3/3 8:19,2019/3/3 8:19
815,スポーツ・レジャー,テニス,応援グッズ,2019/3/3 8:19,2019/3/3 8:19
816,スポーツ・レジャー,テニス,その他,2019/3/3 8:19,2019/3/3 8:19
817,スポーツ・レジャー,スノーボード,ボード,2019/3/3 8:19,2019/3/3 8:19
818,スポーツ・レジャー,スノーボード,バインディング,2019/3/3 8:19,2019/3/3 8:19
819,スポーツ・レジャー,スノーボード,ブーツ(男性用),2019/3/3 8:19,2019/3/3 8:19
820,スポーツ・レジャー,スノーボード,ブーツ(女性用),2019/3/3 8:19,2019/3/3 8:19
821,スポーツ・レジャー,スノーボード,ブーツ(子ども用),2019/3/3 8:19,2019/3/3 8:19
822,スポーツ・レジャー,スノーボード,ウエア/装備(男性用),2019/3/3 8:19,2019/3/3 8:19
823,スポーツ・レジャー,スノーボード,ウエア/装備(女性用),2019/3/3 8:19,2019/3/3 8:19
824,スポーツ・レジャー,スノーボード,ウエア/装備(子ども用),2019/3/3 8:19,2019/3/3 8:19
825,スポーツ・レジャー,スノーボード,アクセサリー,2019/3/3 8:19,2019/3/3 8:19
826,スポーツ・レジャー,スノーボード,バッグ,2019/3/3 8:19,2019/3/3 8:19
827,スポーツ・レジャー,スノーボード,その他,2019/3/3 8:19,2019/3/3 8:19
828,スポーツ・レジャー,スキー,板,2019/3/3 8:19,2019/3/3 8:19
829,スポーツ・レジャー,スキー,ブーツ(男性用),2019/3/3 8:19,2019/3/3 8:19
830,スポーツ・レジャー,スキー,ブーツ(女性用),2019/3/3 8:19,2019/3/3 8:19
831,スポーツ・レジャー,スキー,ブーツ(子ども用),2019/3/3 8:19,2019/3/3 8:19
832,スポーツ・レジャー,スキー,ビンディング,2019/3/3 8:19,2019/3/3 8:19
833,スポーツ・レジャー,スキー,ウエア(男性用),2019/3/3 8:19,2019/3/3 8:19
834,スポーツ・レジャー,スキー,ウエア(女性用),2019/3/3 8:19,2019/3/3 8:19
835,スポーツ・レジャー,スキー,ウエア(子ども用),2019/3/3 8:19,2019/3/3 8:19
836,スポーツ・レジャー,スキー,ストック,2019/3/3 8:19,2019/3/3 8:19
837,スポーツ・レジャー,スキー,その他,2019/3/3 8:19,2019/3/3 8:19
838,スポーツ・レジャー,その他スポーツ,ダンス/バレエ,2019/3/3 8:19,2019/3/3 8:19
839,スポーツ・レジャー,その他スポーツ,サーフィン,2019/3/3 8:19,2019/3/3 8:19
840,スポーツ・レジャー,その他スポーツ,バスケットボール,2019/3/3 8:19,2019/3/3 8:19
841,スポーツ・レジャー,その他スポーツ,バドミントン,2019/3/3 8:19,2019/3/3 8:19
842,スポーツ・レジャー,その他スポーツ,バレーボール,2019/3/3 8:19,2019/3/3 8:19
843,スポーツ・レジャー,その他スポーツ,スケートボード,2019/3/3 8:19,2019/3/3 8:19
844,スポーツ・レジャー,その他スポーツ,陸上競技,2019/3/3 8:19,2019/3/3 8:19
845,スポーツ・レジャー,その他スポーツ,ラグビー,2019/3/3 8:19,2019/3/3 8:19
846,スポーツ・レジャー,その他スポーツ,アメリカンフットボール,2019/3/3 8:19,2019/3/3 8:19
847,スポーツ・レジャー,その他スポーツ,ボクシング,2019/3/3 8:19,2019/3/3 8:19
848,スポーツ・レジャー,その他スポーツ,ボウリング,2019/3/3 8:19,2019/3/3 8:19
849,スポーツ・レジャー,その他スポーツ,その他,2019/3/3 8:19,2019/3/3 8:19
850,スポーツ・レジャー,アウトドア,テント/タープ,2019/3/3 8:19,2019/3/3 8:19
851,スポーツ・レジャー,アウトドア,ライト/ランタン,2019/3/3 8:19,2019/3/3 8:19
852,スポーツ・レジャー,アウトドア,寝袋/寝具,2019/3/3 8:19,2019/3/3 8:19
853,スポーツ・レジャー,アウトドア,テーブル/チェア,2019/3/3 8:19,2019/3/3 8:19
854,スポーツ・レジャー,アウトドア,ストーブ/コンロ,2019/3/3 8:19,2019/3/3 8:19
855,スポーツ・レジャー,アウトドア,調理器具,2019/3/3 8:19,2019/3/3 8:19
856,スポーツ・レジャー,アウトドア,食器,2019/3/3 8:19,2019/3/3 8:19
857,スポーツ・レジャー,アウトドア,登山用品,2019/3/3 8:19,2019/3/3 8:19
858,スポーツ・レジャー,アウトドア,その他,2019/3/3 8:19,2019/3/3 8:19
859,スポーツ・レジャー,その他,旅行用品,2019/3/3 8:19,2019/3/3 8:19
860,スポーツ・レジャー,その他,その他,2019/3/3 8:19,2019/3/3 8:19
861,ハンドメイド,アクセサリー(女性用),ピアス,2019/3/3 8:19,2019/3/3 8:19
862,ハンドメイド,アクセサリー(女性用),イヤリング,2019/3/3 8:19,2019/3/3 8:19
863,ハンドメイド,アクセサリー(女性用),ネックレス,2019/3/3 8:19,2019/3/3 8:19
864,ハンドメイド,アクセサリー(女性用),ブレスレット,2019/3/3 8:19,2019/3/3 8:19
865,ハンドメイド,アクセサリー(女性用),リング,2019/3/3 8:19,2019/3/3 8:19
866,ハンドメイド,アクセサリー(女性用),チャーム,2019/3/3 8:19,2019/3/3 8:19
867,ハンドメイド,アクセサリー(女性用),ヘアゴム,2019/3/3 8:19,2019/3/3 8:19
868,ハンドメイド,アクセサリー(女性用),アンクレット,2019/3/3 8:19,2019/3/3 8:19
869,ハンドメイド,アクセサリー(女性用),その他,2019/3/3 8:19,2019/3/3 8:19
870,ハンドメイド,ファッション/小物,バッグ(女性用),2019/3/3 8:19,2019/3/3 8:19
871,ハンドメイド,ファッション/小物,バッグ(男性用),2019/3/3 8:19,2019/3/3 8:19
872,ハンドメイド,ファッション/小物,財布(女性用),2019/3/3 8:19,2019/3/3 8:19
873,ハンドメイド,ファッション/小物,財布(男性用),2019/3/3 8:19,2019/3/3 8:19
874,ハンドメイド,ファッション/小物,ファッション雑貨,2019/3/3 8:19,2019/3/3 8:19
875,ハンドメイド,ファッション/小物,その他,2019/3/3 8:19,2019/3/3 8:19
876,ハンドメイド,アクセサリー/時計,アクセサリー(男性用),2019/3/3 8:19,2019/3/3 8:19
877,ハンドメイド,アクセサリー/時計,時計(女性用),2019/3/3 8:19,2019/3/3 8:19
878,ハンドメイド,アクセサリー/時計,時計(男性用),2019/3/3 8:19,2019/3/3 8:19
879,ハンドメイド,アクセサリー/時計,その他,2019/3/3 8:19,2019/3/3 8:19
880,ハンドメイド,日用品/インテリア,キッチン用品,2019/3/3 8:19,2019/3/3 8:19
881,ハンドメイド,日用品/インテリア,家具,2019/3/3 8:19,2019/3/3 8:19
882,ハンドメイド,日用品/インテリア,文房具,2019/3/3 8:19,2019/3/3 8:19
883,ハンドメイド,日用品/インテリア,アート/写真,2019/3/3 8:19,2019/3/3 8:19
884,ハンドメイド,日用品/インテリア,アロマ/キャンドル,2019/3/3 8:19,2019/3/3 8:19
885,ハンドメイド,日用品/インテリア,フラワー/ガーデン,2019/3/3 8:19,2019/3/3 8:19
886,ハンドメイド,日用品/インテリア,その他,2019/3/3 8:19,2019/3/3 8:19
887,ハンドメイド,趣味/おもちゃ,クラフト/布製品,2019/3/3 8:19,2019/3/3 8:19
888,ハンドメイド,趣味/おもちゃ,おもちゃ/人形,2019/3/3 8:19,2019/3/3 8:19
889,ハンドメイド,趣味/おもちゃ,その他,2019/3/3 8:19,2019/3/3 8:19
890,ハンドメイド,キッズ/ベビー,ファッション雑貨,2019/3/3 8:19,2019/3/3 8:19
891,ハンドメイド,キッズ/ベビー,スタイ/よだれかけ,2019/3/3 8:19,2019/3/3 8:19
892,ハンドメイド,キッズ/ベビー,外出用品,2019/3/3 8:19,2019/3/3 8:19
893,ハンドメイド,キッズ/ベビー,ネームタグ,2019/3/3 8:19,2019/3/3 8:19
894,ハンドメイド,キッズ/ベビー,その他,2019/3/3 8:19,2019/3/3 8:19
895,ハンドメイド,素材/材料,各種パーツ,2019/3/3 8:19,2019/3/3 8:19
896,ハンドメイド,素材/材料,生地/糸,2019/3/3 8:19,2019/3/3 8:19
897,ハンドメイド,素材/材料,型紙/パターン,2019/3/3 8:19,2019/3/3 8:19
898,ハンドメイド,素材/材料,その他,2019/3/3 8:19,2019/3/3 8:19
899,ハンドメイド,二次創作物,Ingress,2019/3/3 8:19,2019/3/3 8:19
900,ハンドメイド,二次創作物,クリエイターズ宇宙兄弟,2019/3/3 8:19,2019/3/3 8:19
901,チケット,音楽  ,男性アイドル,2019/3/3 8:19,2019/3/3 8:19
902,チケット,音楽  ,女性アイドル,2019/3/3 8:19,2019/3/3 8:19
903,チケット,音楽  ,韓流,2019/3/3 8:19,2019/3/3 8:19
904,チケット,音楽  ,国内アーティスト,2019/3/3 8:19,2019/3/3 8:19
905,チケット,音楽  ,海外アーティスト,2019/3/3 8:19,2019/3/3 8:19
906,チケット,音楽  ,音楽フェス,2019/3/3 8:19,2019/3/3 8:19
907,チケット,音楽  ,声優/アニメ,2019/3/3 8:19,2019/3/3 8:19
908,チケット,音楽  ,その他,2019/3/3 8:19,2019/3/3 8:19
909,チケット,スポーツ,サッカー,2019/3/3 8:19,2019/3/3 8:19
910,チケット,スポーツ,野球,2019/3/3 8:19,2019/3/3 8:19
911,チケット,スポーツ,テニス,2019/3/3 8:19,2019/3/3 8:19
912,チケット,スポーツ,格闘技/プロレス,2019/3/3 8:19,2019/3/3 8:19
913,チケット,スポーツ,相撲/武道,2019/3/3 8:19,2019/3/3 8:19
914,チケット,スポーツ,ゴルフ,2019/3/3 8:19,2019/3/3 8:19
915,チケット,スポーツ,バレーボール,2019/3/3 8:19,2019/3/3 8:19
916,チケット,スポーツ,バスケットボール,2019/3/3 8:19,2019/3/3 8:19
917,チケット,スポーツ,モータースポーツ,2019/3/3 8:19,2019/3/3 8:19
918,チケット,スポーツ,ウィンタースポーツ,2019/3/3 8:19,2019/3/3 8:19
919,チケット,スポーツ,その他,2019/3/3 8:19,2019/3/3 8:19
920,チケット,演劇/芸能,ミュージカル,2019/3/3 8:19,2019/3/3 8:19
921,チケット,演劇/芸能,演劇,2019/3/3 8:19,2019/3/3 8:19
922,チケット,演劇/芸能,伝統芸能,2019/3/3 8:19,2019/3/3 8:19
923,チケット,演劇/芸能,落語,2019/3/3 8:19,2019/3/3 8:19
924,チケット,演劇/芸能,お笑い,2019/3/3 8:19,2019/3/3 8:19
925,チケット,演劇/芸能,オペラ,2019/3/3 8:19,2019/3/3 8:19
926,チケット,演劇/芸能,サーカス,2019/3/3 8:19,2019/3/3 8:19
927,チケット,演劇/芸能,バレエ,2019/3/3 8:19,2019/3/3 8:19
928,チケット,演劇/芸能,その他,2019/3/3 8:19,2019/3/3 8:19
929,チケット,イベント,声優/アニメ,2019/3/3 8:19,2019/3/3 8:19
930,チケット,イベント,キッズ/ファミリー,2019/3/3 8:19,2019/3/3 8:19
931,チケット,イベント,トークショー/講演会,2019/3/3 8:19,2019/3/3 8:19
932,チケット,イベント,その他,2019/3/3 8:19,2019/3/3 8:19
933,チケット,映画,邦画,2019/3/3 8:19,2019/3/3 8:19
934,チケット,映画,洋画,2019/3/3 8:19,2019/3/3 8:19
935,チケット,映画,その他,2019/3/3 8:19,2019/3/3 8:19
936,チケット,施設利用券,遊園地/テーマパーク,2019/3/3 8:19,2019/3/3 8:19
937,チケット,施設利用券,美術館/博物館,2019/3/3 8:19,2019/3/3 8:19
938,チケット,施設利用券,スキー場,2019/3/3 8:19,2019/3/3 8:19
939,チケット,施設利用券,ゴルフ場,2019/3/3 8:19,2019/3/3 8:19
940,チケット,施設利用券,フィットネスクラブ,2019/3/3 8:19,2019/3/3 8:19
941,チケット,施設利用券,プール,2019/3/3 8:19,2019/3/3 8:19
942,チケット,施設利用券,ボウリング場,2019/3/3 8:19,2019/3/3 8:19
943,チケット,施設利用券,水族館,2019/3/3 8:19,2019/3/3 8:19
944,チケット,施設利用券,動物園,2019/3/3 8:19,2019/3/3 8:19
945,チケット,施設利用券,その他,2019/3/3 8:19,2019/3/3 8:19
946,チケット,優待券/割引券,ショッピング,2019/3/3 8:19,2019/3/3 8:19
947,チケット,優待券/割引券,レストラン/食事券,2019/3/3 8:19,2019/3/3 8:19
948,チケット,優待券/割引券,フード/ドリンク券,2019/3/3 8:19,2019/3/3 8:19
949,チケット,優待券/割引券,宿泊券,2019/3/3 8:19,2019/3/3 8:19
950,チケット,優待券/割引券,その他,2019/3/3 8:19,2019/3/3 8:19
951,自動車・オートバイ,自動車本体,国内自動車本体,2019/3/3 8:19,2019/3/3 8:19
952,自動車・オートバイ,自動車本体,外国自動車本体,2019/3/3 8:19,2019/3/3 8:19
953,自動車・オートバイ,自動車タイヤ/ホイール,タイヤ/ホイールセット,2019/3/3 8:19,2019/3/3 8:19
954,自動車・オートバイ,自動車タイヤ/ホイール,タイヤ,2019/3/3 8:19,2019/3/3 8:19
955,自動車・オートバイ,自動車タイヤ/ホイール,ホイール,2019/3/3 8:19,2019/3/3 8:19
956,自動車・オートバイ,自動車タイヤ/ホイール,その他,2019/3/3 8:19,2019/3/3 8:19
957,自動車・オートバイ,自動車パーツ,サスペンション,2019/3/3 8:19,2019/3/3 8:19
958,自動車・オートバイ,自動車パーツ,ブレーキ,2019/3/3 8:19,2019/3/3 8:19
959,自動車・オートバイ,自動車パーツ,外装、エアロパーツ,2019/3/3 8:19,2019/3/3 8:19
960,自動車・オートバイ,自動車パーツ,ライト,2019/3/3 8:19,2019/3/3 8:19
961,自動車・オートバイ,自動車パーツ,内装品、シート,2019/3/3 8:19,2019/3/3 8:19
962,自動車・オートバイ,自動車パーツ,ステアリング,2019/3/3 8:19,2019/3/3 8:19
963,自動車・オートバイ,自動車パーツ,マフラー・排気系,2019/3/3 8:19,2019/3/3 8:19
964,自動車・オートバイ,自動車パーツ,エンジン、過給器、冷却装置,2019/3/3 8:19,2019/3/3 8:19
965,自動車・オートバイ,自動車パーツ,クラッチ、ミッション、駆動系,2019/3/3 8:19,2019/3/3 8:19
966,自動車・オートバイ,自動車パーツ,電装品,2019/3/3 8:19,2019/3/3 8:19
967,自動車・オートバイ,自動車パーツ,補強パーツ,2019/3/3 8:19,2019/3/3 8:19
968,自動車・オートバイ,自動車パーツ,汎用パーツ,2019/3/3 8:19,2019/3/3 8:19
969,自動車・オートバイ,自動車パーツ,外国自動車用パーツ,2019/3/3 8:19,2019/3/3 8:19
970,自動車・オートバイ,自動車パーツ,その他,2019/3/3 8:19,2019/3/3 8:19
971,自動車・オートバイ,自動車アクセサリー,車内アクセサリー,2019/3/3 8:19,2019/3/3 8:19
972,自動車・オートバイ,自動車アクセサリー,カーナビ,2019/3/3 8:19,2019/3/3 8:19
973,自動車・オートバイ,自動車アクセサリー,カーオーディオ,2019/3/3 8:19,2019/3/3 8:19
974,自動車・オートバイ,自動車アクセサリー,車外アクセサリー,2019/3/3 8:19,2019/3/3 8:19
975,自動車・オートバイ,自動車アクセサリー,メンテナンス用品,2019/3/3 8:19,2019/3/3 8:19
976,自動車・オートバイ,自動車アクセサリー,チャイルドシート,2019/3/3 8:19,2019/3/3 8:19
977,自動車・オートバイ,自動車アクセサリー,ドライブレコーダー,2019/3/3 8:19,2019/3/3 8:19
978,自動車・オートバイ,自動車アクセサリー,レーダー探知機,2019/3/3 8:19,2019/3/3 8:19
979,自動車・オートバイ,自動車アクセサリー,カタログ/マニュアル,2019/3/3 8:19,2019/3/3 8:19
980,自動車・オートバイ,自動車アクセサリー,セキュリティ,2019/3/3 8:19,2019/3/3 8:19
981,自動車・オートバイ,自動車アクセサリー,ETC,2019/3/3 8:19,2019/3/3 8:19
982,自動車・オートバイ,自動車アクセサリー,その他,2019/3/3 8:19,2019/3/3 8:19
983,自動車・オートバイ,オートバイパーツ,タイヤ,2019/3/3 8:19,2019/3/3 8:19
984,自動車・オートバイ,オートバイパーツ,マフラー,2019/3/3 8:19,2019/3/3 8:19
985,自動車・オートバイ,オートバイパーツ,エンジン、冷却装置,2019/3/3 8:19,2019/3/3 8:19
986,自動車・オートバイ,オートバイパーツ,カウル、フェンダー、外装,2019/3/3 8:19,2019/3/3 8:19
987,自動車・オートバイ,オートバイパーツ,サスペンション,2019/3/3 8:19,2019/3/3 8:19
988,自動車・オートバイ,オートバイパーツ,ホイール,2019/3/3 8:19,2019/3/3 8:19
989,自動車・オートバイ,オートバイパーツ,シート,2019/3/3 8:19,2019/3/3 8:19
990,自動車・オートバイ,オートバイパーツ,ブレーキ,2019/3/3 8:19,2019/3/3 8:19
991,自動車・オートバイ,オートバイパーツ,タンク,2019/3/3 8:19,2019/3/3 8:19
992,自動車・オートバイ,オートバイパーツ,ライト、ウィンカー,2019/3/3 8:19,2019/3/3 8:19
993,自動車・オートバイ,オートバイパーツ,チェーン、スプロケット、駆動系,2019/3/3 8:19,2019/3/3 8:19
994,自動車・オートバイ,オートバイパーツ,メーター,2019/3/3 8:19,2019/3/3 8:19
995,自動車・オートバイ,オートバイパーツ,電装系,2019/3/3 8:19,2019/3/3 8:19
996,自動車・オートバイ,オートバイパーツ,ミラー,2019/3/3 8:19,2019/3/3 8:19
997,自動車・オートバイ,オートバイアクセサリー,ヘルメット/シールド,2019/3/3 8:19,2019/3/3 8:19
998,自動車・オートバイ,オートバイアクセサリー,バイクウエア/装備,2019/3/3 8:19,2019/3/3 8:19
999,自動車・オートバイ,オートバイアクセサリー,アクセサリー,2019/3/3 8:19,2019/3/3 8:19
1000,自動車・オートバイ,オートバイアクセサリー,メンテナンス,2019/3/3 8:19,2019/3/3 8:19
1001,自動車・オートバイ,オートバイアクセサリー,カタログ/マニュアル,2019/3/3 8:19,2019/3/3 8:19
1002,自動車・オートバイ,オートバイアクセサリー,その他,2019/3/3 8:19,2019/3/3 8:19
1003,その他,ペット用品,ペットフード,2019/3/3 8:19,2019/3/3 8:19
1004,その他,ペット用品,犬用品,2019/3/3 8:19,2019/3/3 8:19
1005,その他,ペット用品,猫用品,2019/3/3 8:19,2019/3/3 8:19
1006,その他,ペット用品,魚用品/水草,2019/3/3 8:19,2019/3/3 8:19
1007,その他,ペット用品,小動物用品,2019/3/3 8:19,2019/3/3 8:19
1008,その他,ペット用品,爬虫類/両生類用品,2019/3/3 8:19,2019/3/3 8:19
1009,その他,ペット用品,かご/おり,2019/3/3 8:19,2019/3/3 8:19
1010,その他,ペット用品,鳥用品,2019/3/3 8:19,2019/3/3 8:19
1011,その他,ペット用品,虫類用品,2019/3/3 8:19,2019/3/3 8:19
1012,その他,ペット用品,その他,2019/3/3 8:19,2019/3/3 8:19
1013,その他,食品,菓子,2019/3/3 8:19,2019/3/3 8:19
1014,その他,食品,米,2019/3/3 8:19,2019/3/3 8:19
1015,その他,食品,野菜,2019/3/3 8:19,2019/3/3 8:19
1016,その他,食品,果物,2019/3/3 8:19,2019/3/3 8:19
1017,その他,食品,調味料,2019/3/3 8:19,2019/3/3 8:19
1018,その他,食品,魚介類(加工食品),2019/3/3 8:19,2019/3/3 8:19
1019,その他,食品,肉類(加工食品),2019/3/3 8:19,2019/3/3 8:19
1020,その他,食品,その他 加工食品,2019/3/3 8:19,2019/3/3 8:19
1021,その他,食品,その他,2019/3/3 8:19,2019/3/3 8:19
1022,その他,飲料/酒,コーヒー,2019/3/3 8:19,2019/3/3 8:19
1023,その他,飲料/酒,ソフトドリンク,2019/3/3 8:19,2019/3/3 8:19
1024,その他,飲料/酒,ミネラルウォーター,2019/3/3 8:19,2019/3/3 8:19
1025,その他,飲料/酒,茶,2019/3/3 8:19,2019/3/3 8:19
1026,その他,飲料/酒,ウイスキー,2019/3/3 8:19,2019/3/3 8:19
1027,その他,飲料/酒,ワイン,2019/3/3 8:19,2019/3/3 8:19
1028,その他,飲料/酒,ブランデー,2019/3/3 8:19,2019/3/3 8:19
1029,その他,飲料/酒,焼酎,2019/3/3 8:19,2019/3/3 8:19
1030,その他,飲料/酒,日本酒,2019/3/3 8:19,2019/3/3 8:19
1031,その他,飲料/酒,ビール、発泡酒,2019/3/3 8:19,2019/3/3 8:19
1032,その他,飲料/酒,その他,2019/3/3 8:19,2019/3/3 8:19
1033,その他,日用品/生活雑貨/旅行,タオル/バス用品,2019/3/3 8:19,2019/3/3 8:19
1034,その他,日用品/生活雑貨/旅行,日用品/生活雑貨,2019/3/3 8:19,2019/3/3 8:19
1035,その他,日用品/生活雑貨/旅行,洗剤/柔軟剤,2019/3/3 8:19,2019/3/3 8:19
1036,その他,日用品/生活雑貨/旅行,旅行用品,2019/3/3 8:19,2019/3/3 8:19
1037,その他,日用品/生活雑貨/旅行,防災関連グッズ,2019/3/3 8:19,2019/3/3 8:19
1038,その他,日用品/生活雑貨/旅行,その他,2019/3/3 8:19,2019/3/3 8:19
1039,その他,アンティーク/コレクション,雑貨,2019/3/3 8:19,2019/3/3 8:19
1040,その他,アンティーク/コレクション,工芸品,2019/3/3 8:19,2019/3/3 8:19
1041,その他,アンティーク/コレクション,家具,2019/3/3 8:19,2019/3/3 8:19
1042,その他,アンティーク/コレクション,印刷物,2019/3/3 8:19,2019/3/3 8:19
1043,その他,アンティーク/コレクション,その他,2019/3/3 8:19,2019/3/3 8:19
1044,その他,文房具/事務用品,筆記具,2019/3/3 8:19,2019/3/3 8:19
1045,その他,文房具/事務用品,ノート/メモ帳,2019/3/3 8:19,2019/3/3 8:19
1046,その他,文房具/事務用品,テープ/マスキングテープ,2019/3/3 8:19,2019/3/3 8:19
1047,その他,文房具/事務用品,カレンダー/スケジュール,2019/3/3 8:19,2019/3/3 8:19
1048,その他,文房具/事務用品,アルバム/スクラップ,2019/3/3 8:19,2019/3/3 8:19
1049,その他,文房具/事務用品,ファイル/バインダー,2019/3/3 8:19,2019/3/3 8:19
1050,その他,文房具/事務用品,はさみ/カッター,2019/3/3 8:19,2019/3/3 8:19
1051,その他,文房具/事務用品,カードホルダー/名刺管理,2019/3/3 8:19,2019/3/3 8:19
1052,その他,文房具/事務用品,のり/ホッチキス,2019/3/3 8:19,2019/3/3 8:19
1053,その他,文房具/事務用品,その他,2019/3/3 8:19,2019/3/3 8:19
1054,その他,事務/店舗用品,オフィス用品一般,2019/3/3 8:19,2019/3/3 8:19
1055,その他,事務/店舗用品,オフィス家具,2019/3/3 8:19,2019/3/3 8:19
1056,その他,事務/店舗用品,店舗用品,2019/3/3 8:19,2019/3/3 8:19
1057,その他,事務/店舗用品,OA機器,2019/3/3 8:19,2019/3/3 8:19
1058,その他,事務/店舗用品,ラッピング/包装,2019/3/3 8:19,2019/3/3 8:19
1059,その他,事務/店舗用品,その他,2019/3/3 8:19,2019/3/3 8:19
